State,2008_Avg_ZHVI,2009_Avg_ZHVI,2010_Avg_ZHVI,2011_Avg_ZHVI,2012_Avg_ZHVI,2013_Avg_ZHVI,2014_Avg_ZHVI,2015_Avg_ZHVI,2016_Avg_ZHVI,2017_Avg_ZHVI,2018_Avg_ZHVI,2019_Avg_ZHVI,2008_Avg_MSR,2009_Avg_MSR,2010_Avg_MSR,2011_Avg_MSR,2012_Avg_MSR,2013_Avg_MSR,2014_Avg_MSR,2015_Avg_MSR,2016_Avg_MSR,2017_Avg_MSR,2018_Avg_MSR,2019_Avg_MSR,2008_Avg_NS,2009_Avg_NS,2010_Avg_NS,2011_Avg_NS,2012_Avg_NS,2013_Avg_NS,2014_Avg_NS,2015_Avg_NS,2016_Avg_NS,2017_Avg_NS,2018_Avg_NS,2019_Avg_NS,2008_Avg_FR,2009_Avg_FR,2010_Avg_FR,2011_Avg_FR,2012_Avg_FR,2013_Avg_FR,2014_Avg_FR,2015_Avg_FR,2016_Avg_FR,2017_Avg_FR,2018_Avg_FR,2019_Avg_FR,2008_Div Rate,2009_Div Rate,2010_Div Rate,2011_Div Rate,2012_Div Rate,2013_Div Rate,2014_Div Rate,2015_Div Rate,2016_Div Rate,2017_Div Rate,2018_Div Rate,Data,Series Id,Adjusted?,Area,Area Type,State/Region/Division,Measure,Years,2008,2009,2010,2011,2012,2013,2014,2015,2016,2017,2018,2019,Unnamed: 21,Unnamed: 22,Unnamed: 23,Unnamed: 24,Unnamed: 25,Unnamed: 26,Unnamed: 27,Unnamed: 28,Unnamed: 29,Unnamed: 30,Unnamed: 31,Unnamed: 32,Unnamed: 33,Unnamed: 34,Unnamed: 35,Unnamed: 36,Unnamed: 37,Unnamed: 38,Unnamed: 39,Unnamed: 40,Unnamed: 41,Unnamed: 42,Unnamed: 43,Unnamed: 44,Unnamed: 45,Unnamed: 46,Unnamed: 47,Unnamed: 48,Unnamed: 49,Unnamed: 50,Unnamed: 51,Unnamed: 52,Unnamed: 53,Unnamed: 54,Unnamed: 55,Unnamed: 56,Unnamed: 57,Unnamed: 58,Unnamed: 59,Unnamed: 60,Unnamed: 61,Unnamed: 62,Unnamed: 63,Unnamed: 64,Unnamed: 65,Unnamed: 66,Unnamed: 67,Unnamed: 68,Unnamed: 69,Unnamed: 70,Unnamed: 71,Unnamed: 72,Unnamed: 73,Unnamed: 74,Unnamed: 75,Unnamed: 76,Unnamed: 77,Unnamed: 78,Unnamed: 79,Unnamed: 80,Unnamed: 81,Unnamed: 82,Unnamed: 83,Unnamed: 84,Unnamed: 85,Unnamed: 86,Unnamed: 87,Unnamed: 88,Unnamed: 89,Unnamed: 90,Unnamed: 91,Unnamed: 92,Unnamed: 93,Unnamed: 94,Unnamed: 95,Unnamed: 96,Unnamed: 97,Unnamed: 98,Unnamed: 99,Unnamed: 100,Unnamed: 101,Unnamed: 102,Unnamed: 103,Unnamed: 104,Unnamed: 105,Unnamed: 106,Unnamed: 107,Unnamed: 108,Unnamed: 109,Unnamed: 110,Unnamed: 111,Unnamed: 112,Unnamed: 113,Unnamed: 114,Unnamed: 115,Unnamed: 116
AK,257757.73,255277.26,255265.85,252652.66,257154.49,261483.09,260587.86,263911.01,260905.36,265698.32,269695.78,274733.08,250938.89,248385.83,251926.67,247694.17,249733.33,260123.33,263983.33,265137.61,273618.45,276357.14,276275.0,303090.19,9.03,8.41,8.32,8.13,8.97,10.32,9.9,10.3,10.43,10.37,11.29,10.14,0.01,0.01,0.02,0.02,0.01,0.02,0.01,0.01,0.01,0.01,0.01,0.02,4.4,4.4,4.7,4.8,4.5,4.46,3.95,4.14,3.95,3.58,3.73,Local Area Unemployment Statistics,LASST020000000000003,Seasonally Adjusted,Alaska,Statewide,Alaska,unemployment rate,2008 to 2019,6.71,7.73,7.88,7.57,7.13,7.0,6.87,6.53,6.85,6.94,6.6,6.35,,,,,,,,,,,,,,,,,,,,,,,,,,,,,,,,,,,,,,,,,,,,,,,,,,,,,,,,,,,,,,,,,,,,,,,,,,,,,,,,,,,,,,,,,,,,,,,,
AL,142287.1,137912.21,132560.95,127438.05,124757.88,124216.83,123857.46,126152.31,126710.28,129905.84,135128.47,140721.54,175509.33,180547.16,173846.45,161594.15,154778.69,149313.18,160410.87,160506.19,166913.65,170838.23,182899.58,192811.42,5.54,4.89,5.05,5.07,6.0,6.72,7.09,7.68,8.44,8.99,9.0,9.49,0.02,0.02,0.03,0.02,0.02,0.04,0.04,0.04,0.03,0.02,0.02,0.02,4.3,4.4,4.4,4.3,3.6,3.68,3.79,3.85,3.78,3.66,3.71,Local Area Unemployment Statistics,LASST010000000000003,Seasonally Adjusted,Alabama,Statewide,Alabama,unemployment rate,2008 to 2019,5.72,10.99,10.54,9.62,7.98,7.22,6.76,6.08,5.85,4.43,3.94,3.37,,,,,,,,,,,,,,,,,,,,,,,,,,,,,,,,,,,,,,,,,,,,,,,,,,,,,,,,,,,,,,,,,,,,,,,,,,,,,,,,,,,,,,,,,,,,,,,,
AR,109428.51,105079.61,102444.35,100620.5,100541.65,101894.0,102221.95,102801.31,104403.72,106864.87,110706.67,114667.53,140252.14,138245.56,150888.75,146917.73,143810.75,150323.7,146687.82,147823.53,145568.22,153188.91,159641.19,168384.96,4.34,3.99,3.83,3.75,3.77,4.23,4.31,4.59,5.38,5.76,5.93,5.65,0.01,0.02,0.03,0.02,0.01,0.02,0.02,0.01,0.01,0.01,0.01,0.01,5.5,5.7,5.7,5.3,5.3,5.01,4.85,4.84,3.93,3.72,4.07,Local Area Unemployment Statistics,LASST050000000000003,Seasonally Adjusted,Arkansas,Statewide,Arkansas,unemployment rate,2008 to 2019,5.5,7.83,8.19,8.29,7.58,7.22,6.02,5.03,3.95,3.71,3.7,3.57,,,,,,,,,,,,,,,,,,,,,,,,,,,,,,,,,,,,,,,,,,,,,,,,,,,,,,,,,,,,,,,,,,,,,,,,,,,,,,,,,,,,,,,,,,,,,,,,
AZ,257791.88,222270.17,208525.83,192496.06,192090.26,210370.33,219667.36,224545.77,235508.49,245929.41,261890.89,275311.09,226407.79,176530.95,162135.61,145286.42,152584.8,177200.02,183870.44,196480.29,210747.54,229344.17,250549.22,266456.5,18.65,26.02,26.33,29.86,35.42,35.87,33.06,35.02,37.76,39.38,38.83,38.76,0.09,0.14,0.14,0.13,0.07,0.06,0.05,0.03,0.02,0.02,0.01,0.01,3.8,3.6,3.5,3.9,4.3,3.93,3.89,3.58,3.35,3.48,2.95,Local Area Unemployment Statistics,LASST040000000000003,Seasonally Adjusted,Arizona,Statewide,Arizona,unemployment rate,2008 to 2019,6.14,9.93,10.35,9.5,8.33,7.74,6.8,6.05,5.4,4.89,4.8,4.93,,,,,,,,,,,,,,,,,,,,,,,,,,,,,,,,,,,,,,,,,,,,,,,,,,,,,,,,,,,,,,,,,,,,,,,,,,,,,,,,,,,,,,,,,,,,,,,,
CA,468233.71,423004.03,422985.65,401367.36,406446.89,446805.16,476875.12,503387.1,536483.48,569431.05,615508.11,626331.29,407465.85,342550.99,347274.17,330089.65,338443.97,399430.58,446907.44,484121.26,515830.07,549819.52,606957.57,617881.88,15.57,18.94,18.22,18.57,20.25,20.63,19.53,21.15,21.92,22.78,21.26,20.83,0.2,0.24,0.21,0.21,0.15,0.07,0.04,0.03,0.02,0.01,0.01,0.01,,,,,,,,,,,,Local Area Unemployment Statistics,LASST060000000000003,Seasonally Adjusted,California,Statewide,California,unemployment rate,2008 to 2019,7.29,11.14,12.23,11.71,10.38,8.94,7.5,6.2,5.48,4.78,4.19,4.13,,,,,,,,,,,,,,,,,,,,,,,,,,,,,,,,,,,,,,,,,,,,,,,,,,,,,,,,,,,,,,,,,,,,,,,,,,,,,,,,,,,,,,,,,,,,,,,,
CO,253618.98,245395.78,241199.47,237452.88,239758.26,255112.32,270234.28,292758.44,313756.49,331518.95,355129.49,370922.92,217074.26,215294.25,224658.17,222233.38,230241.0,247694.48,262632.59,290546.98,318680.16,345185.82,375105.69,392713.48,13.27,11.3,11.22,11.54,13.62,16.33,17.16,19.02,19.6,20.08,19.18,19.73,0.1,0.11,0.09,0.08,0.08,0.05,0.03,0.02,0.01,0.01,0.0,0.0,4.3,4.3,4.3,4.4,4.3,4.07,3.87,3.73,3.57,3.19,3.27,Local Area Unemployment Statistics,LASST080000000000003,Seasonally Adjusted,Colorado,Statewide,Colorado,unemployment rate,2008 to 2019,4.85,7.3,8.73,8.36,7.89,6.85,4.99,3.84,3.22,2.7,3.25,3.09,,,,,,,,,,,,,,,,,,,,,,,,,,,,,,,,,,,,,,,,,,,,,,,,,,,,,,,,,,,,,,,,,,,,,,,,,,,,,,,,,,,,,,,,,,,,,,,,
CT,347249.22,323905.39,313118.01,300227.8,288950.2,293717.92,294941.32,295011.95,298319.43,301334.04,306134.33,307665.41,274524.29,307153.94,307529.17,272627.44,267464.48,269065.54,265795.92,280403.09,290060.09,287686.07,295594.05,293436.05,9.03,8.23,8.12,6.78,7.47,9.44,9.63,10.89,11.13,12.15,12.01,11.7,0.0,0.03,0.05,0.04,0.03,0.02,0.01,0.04,0.04,0.04,0.04,0.03,3.4,3.0,2.9,3.1,2.7,2.76,2.58,3.13,3.17,2.87,2.85,Local Area Unemployment Statistics,LASST090000000000003,Seasonally Adjusted,Connecticut,Statewide,Connecticut,unemployment rate,2008 to 2019,5.67,7.93,9.13,8.83,8.35,7.81,6.63,5.73,5.16,4.7,4.12,3.72,,,,,,,,,,,,,,,,,,,,,,,,,,,,,,,,,,,,,,,,,,,,,,,,,,,,,,,,,,,,,,,,,,,,,,,,,,,,,,,,,,,,,,,,,,,,,,,,
DC,483599.19,458940.07,459613.42,459278.67,467900.16,506845.48,544902.23,563037.73,584612.03,609986.67,634939.82,662305.81,377366.0,414258.33,441138.89,421514.47,423751.67,468290.28,491883.97,508345.24,548769.24,564727.73,587388.73,607160.59,16.15,16.98,18.91,17.63,18.61,23.58,27.48,28.2,29.06,34.18,32.41,32.65,0.03,0.06,0.05,0.04,0.01,0.0,0.0,0.0,0.0,0.01,0.01,0.01,2.7,2.7,2.8,2.9,2.9,2.84,2.58,2.83,2.74,2.48,2.52,Local Area Unemployment Statistics,LASST110000000000003,Seasonally Adjusted,District of Columbia,Statewide,District of Columbia,unemployment rate,2008 to 2019,6.44,9.28,9.41,10.16,9.04,8.49,7.77,6.88,6.1,6.06,5.56,5.51,,,,,,,,,,,,,,,,,,,,,,,,,,,,,,,,,,,,,,,,,,,,,,,,,,,,,,,,,,,,,,,,,,,,,,,,,,,,,,,,,,,,,,,,,,,,,,,,
DE,300988.79,281541.65,272534.59,256029.8,248251.03,249140.89,258817.41,263802.46,270780.88,275315.41,283876.14,290346.79,235473.33,223635.19,216040.74,217623.23,206953.87,205318.59,204143.07,233334.75,235962.11,251531.94,260473.51,268667.21,8.9,8.92,8.9,9.5,13.43,13.91,13.41,13.26,16.62,18.88,18.54,19.16,0.01,0.02,0.03,0.04,0.06,0.04,0.04,0.02,0.03,0.05,0.06,0.04,3.5,3.6,3.5,3.6,3.5,3.38,3.26,3.09,3.08,2.96,2.8,Local Area Unemployment Statistics,LASST100000000000003,Seasonally Adjusted,Delaware,Statewide,Delaware,unemployment rate,2008 to 2019,4.97,8.26,8.42,7.5,7.21,6.69,5.72,4.85,4.52,4.48,3.78,3.41,,,,,,,,,,,,,,,,,,,,,,,,,,,,,,,,,,,,,,,,,,,,,,,,,,,,,,,,,,,,,,,,,,,,,,,,,,,,,,,,,,,,,,,,,,,,,,,,
FL,217942.69,187828.21,176393.56,164023.68,164577.96,180208.16,196303.82,212094.35,227251.04,240771.92,254257.93,263404.08,205161.77,161831.2,149442.78,138131.35,147198.5,165782.01,179155.3,191246.95,204515.79,220785.67,238663.13,251467.67,17.68,21.65,24.64,26.89,29.13,34.45,36.71,40.18,38.74,39.69,42.01,41.09,0.03,0.05,0.07,0.06,0.05,0.04,0.05,0.04,0.02,0.01,0.01,0.01,4.3,4.2,4.4,4.5,4.2,4.11,3.97,3.96,3.87,3.61,3.62,Local Area Unemployment Statistics,LASST120000000000003,Seasonally Adjusted,Florida,Statewide,Florida,unemployment rate,2008 to 2019,6.3,10.39,11.03,9.99,8.48,7.23,6.28,5.44,4.82,4.2,3.56,3.35,,,,,,,,,,,,,,,,,,,,,,,,,,,,,,,,,,,,,,,,,,,,,,,,,,,,,,,,,,,,,,,,,,,,,,,,,,,,,,,,,,,,,,,,,,,,,,,,
GA,173790.7,161387.79,151266.06,140202.11,137011.42,143007.24,154108.98,161715.42,170212.64,178582.08,191245.73,200731.7,181430.34,166199.78,163137.73,149657.44,150479.14,162611.97,170909.82,179431.3,184237.66,195246.92,212872.42,227524.64,14.39,11.9,12.66,13.63,16.93,17.92,18.24,19.46,24.17,23.98,25.12,25.68,0.05,0.08,0.1,0.08,0.08,0.08,0.06,0.05,0.04,0.03,0.02,0.02,,,,,,,,,,3.5,2.5,Local Area Unemployment Statistics,LASST130000000000003,Seasonally Adjusted,Georgia,Statewide,Georgia,unemployment rate,2008 to 2019,6.27,9.93,10.49,10.23,9.19,8.2,7.1,5.97,5.37,4.68,3.93,3.66,,,,,,,,,,,,,,,,,,,,,,,,,,,,,,,,,,,,,,,,,,,,,,,,,,,,,,,,,,,,,,,,,,,,,,,,,,,,,,,,,,,,,,,,,,,,,,,,
HI,591893.61,563030.8,552678.43,525001.03,514123.56,520677.17,540035.69,559843.94,580662.9,607022.82,628989.23,639542.82,477345.0,426754.92,410633.38,397520.83,415250.36,431007.96,493740.42,518424.17,531570.06,548866.68,575292.71,589334.88,9.06,8.84,10.25,10.74,11.17,12.57,12.9,13.81,15.97,17.12,15.28,15.17,0.0,0.01,0.01,0.01,0.0,0.01,0.01,0.0,0.01,0.0,0.0,0.0,,,,,,,,,,,,Local Area Unemployment Statistics,LASST150000000000003,Seasonally Adjusted,Hawaii,Statewide,Hawaii,unemployment rate,2008 to 2019,4.33,7.13,6.95,6.8,6.01,4.88,4.36,3.57,2.95,2.42,2.44,2.74,,,,,,,,,,,,,,,,,,,,,,,,,,,,,,,,,,,,,,,,,,,,,,,,,,,,,,,,,,,,,,,,,,,,,,,,,,,,,,,,,,,,,,,,,,,,,,,,
IA,133499.25,132204.31,130146.43,127232.15,127070.0,126876.38,126363.27,127200.3,130324.45,134167.88,138963.78,143739.12,143402.14,142295.81,149682.36,143173.7,146382.37,150110.49,153406.19,157980.25,161076.64,165716.36,173010.46,184307.95,2.66,2.44,2.3,2.36,3.01,3.36,3.42,3.63,3.75,4.3,4.28,3.91,0.02,0.02,0.02,0.02,0.02,0.01,0.02,0.01,0.01,0.01,0.0,0.01,2.6,2.4,2.4,2.4,2.2,1.87,1.51,1.21,1.25,1.96,2.23,Local Area Unemployment Statistics,LASST190000000000003,Seasonally Adjusted,Iowa,Statewide,Iowa,unemployment rate,2008 to 2019,4.23,6.39,6.01,5.53,5.03,4.73,4.24,3.78,3.58,3.09,2.53,2.46,,,,,,,,,,,,,,,,,,,,,,,,,,,,,,,,,,,,,,,,,,,,,,,,,,,,,,,,,,,,,,,,,,,,,,,,,,,,,,,,,,,,,,,,,,,,,,,,
ID,202895.82,190033.46,175826.78,160282.06,162798.42,170566.93,176951.22,185195.72,197658.51,212604.98,234064.55,254894.81,185813.0,162301.81,148427.43,135215.11,139990.93,159218.96,167056.97,179271.21,198491.48,210979.24,241613.51,268321.93,5.27,5.47,5.77,5.96,6.45,7.44,7.98,9.38,10.42,10.97,10.96,10.05,0.01,0.02,0.03,0.03,0.02,0.02,0.02,0.01,0.01,0.01,0.01,0.01,4.8,5.0,5.2,4.9,4.7,4.5,4.25,4.13,4.03,3.88,3.84,Local Area Unemployment Statistics,LASST160000000000003,Seasonally Adjusted,Idaho,Statewide,Idaho,unemployment rate,2008 to 2019,5.14,8.73,8.97,8.32,7.2,6.12,4.83,4.23,3.8,3.23,2.84,2.86,,,,,,,,,,,,,,,,,,,,,,,,,,,,,,,,,,,,,,,,,,,,,,,,,,,,,,,,,,,,,,,,,,,,,,,,,,,,,,,,,,,,,,,,,,,,,,,,
IL,185279.54,172871.79,166078.66,160941.3,156397.42,159461.21,164184.87,165626.16,168278.19,171897.88,176470.53,178661.3,239192.82,207701.87,199033.89,181520.69,183198.65,195746.04,204166.18,206419.14,203575.73,211393.68,225086.2,234340.33,7.54,7.2,7.26,7.03,8.12,9.17,9.99,11.42,12.31,13.36,12.53,11.63,0.01,0.02,0.02,0.02,0.03,0.06,0.04,0.03,0.02,0.02,0.02,0.02,2.5,2.5,2.6,2.6,2.4,2.27,2.21,2.2,2.2,1.87,1.51,Local Area Unemployment Statistics,LASST170000000000003,Seasonally Adjusted,Illinois,Statewide,Illinois,unemployment rate,2008 to 2019,6.31,10.2,10.37,9.69,8.99,9.04,7.1,5.96,5.81,4.91,4.28,4.17,,,,,,,,,,,,,,,,,,,,,,,,,,,,,,,,,,,,,,,,,,,,,,,,,,,,,,,,,,,,,,,,,,,,,,,,,,,,,,,,,,,,,,,,,,,,,,,,
IN,119905.88,116068.62,114085.42,111627.88,111895.56,113663.26,116166.64,120847.97,123874.73,129804.64,137879.8,145414.45,130080.83,125270.54,127509.99,130485.08,130026.26,135119.56,132705.56,138675.71,145964.39,151250.81,161891.48,171686.65,7.25,6.84,6.58,6.6,7.41,8.3,8.94,9.95,10.77,12.59,12.68,12.58,0.08,0.07,0.07,0.07,0.06,0.06,0.04,0.03,0.03,0.02,0.02,0.02,,,,,,,,,,,,Local Area Unemployment Statistics,LASST180000000000003,Seasonally Adjusted,Indiana,Statewide,Indiana,unemployment rate,2008 to 2019,5.92,10.29,10.34,9.11,8.35,7.63,5.96,4.83,4.43,3.54,3.45,3.42,,,,,,,,,,,,,,,,,,,,,,,,,,,,,,,,,,,,,,,,,,,,,,,,,,,,,,,,,,,,,,,,,,,,,,,,,,,,,,,,,,,,,,,,,,,,,,,,
KS,145180.18,141794.8,139609.49,135899.15,135413.36,137087.7,138301.53,139853.44,139656.04,141219.93,147326.24,152710.35,182593.12,180479.74,176744.3,180178.64,175999.15,174759.68,174818.62,179780.49,187209.31,194241.99,206730.07,216106.1,3.11,2.97,2.72,2.65,3.01,3.37,3.45,3.89,4.52,4.98,5.14,4.82,0.02,0.03,0.03,0.04,0.04,0.03,0.03,0.02,0.02,0.02,0.01,0.01,3.5,3.6,3.7,3.9,3.4,2.97,2.97,2.82,2.69,2.38,2.31,Local Area Unemployment Statistics,LASST200000000000003,Seasonally Adjusted,Kansas,Statewide,Kansas,unemployment rate,2008 to 2019,4.63,6.87,7.06,6.49,5.73,5.31,4.53,4.15,4.03,3.66,3.35,3.33,,,,,,,,,,,,,,,,,,,,,,,,,,,,,,,,,,,,,,,,,,,,,,,,,,,,,,,,,,,,,,,,,,,,,,,,,,,,,,,,,,,,,,,,,,,,,,,,
KY,126432.44,119893.0,114740.42,107916.67,102289.7,102090.49,100119.52,102113.23,104387.59,105538.71,110499.48,114688.08,149807.14,142029.3,143928.52,139834.62,142534.09,142874.85,146822.67,155805.88,160637.85,165876.99,176596.1,183893.01,4.66,4.64,4.63,4.34,4.81,5.62,5.32,5.61,6.58,7.15,7.19,6.96,0.0,0.0,0.0,0.0,0.0,0.0,0.01,0.0,0.0,0.0,0.0,0.0,4.6,4.6,4.5,4.4,4.1,4.16,3.85,3.7,3.79,3.73,3.54,Local Area Unemployment Statistics,LASST210000000000003,Seasonally Adjusted,Kentucky,Statewide,Kentucky,unemployment rate,2008 to 2019,6.47,10.33,10.17,9.38,8.17,8.02,6.46,5.28,5.14,4.91,4.34,4.2,,,,,,,,,,,,,,,,,,,,,,,,,,,,,,,,,,,,,,,,,,,,,,,,,,,,,,,,,,,,,,,,,,,,,,,,,,,,,,,,,,,,,,,,,,,,,,,,
LA,151377.55,149277.61,147012.81,142501.38,143311.61,144643.28,146715.99,151109.71,155370.54,156814.54,160139.4,162072.74,170312.4,169201.88,167733.97,167226.01,163371.0,174319.15,178101.04,180022.07,186749.22,191239.69,198612.85,200545.6,5.78,5.27,5.15,5.45,6.05,7.06,7.63,7.84,8.63,9.14,8.44,8.31,0.01,0.01,0.01,0.02,0.03,0.02,0.02,0.01,0.01,0.01,0.02,0.02,,,,,,2.17,2.25,2.77,2.04,1.92,1.74,Local Area Unemployment Statistics,LASST220000000000003,Seasonally Adjusted,Louisiana,Statewide,Louisiana,unemployment rate,2008 to 2019,4.93,6.83,7.95,7.83,7.09,6.68,6.37,6.32,6.07,5.13,4.88,4.53,,,,,,,,,,,,,,,,,,,,,,,,,,,,,,,,,,,,,,,,,,,,,,,,,,,,,,,,,,,,,,,,,,,,,,,,,,,,,,,,,,,,,,,,,,,,,,,,
MA,386248.0,364574.6,365931.21,354749.99,349036.32,366042.82,385413.36,403680.0,414750.04,430517.71,451397.3,459662.33,298460.79,287422.52,298359.66,291525.97,283353.18,300397.24,303114.44,323230.27,343965.48,374434.85,398465.34,415184.07,9.83,9.26,9.27,8.74,8.81,10.75,10.36,11.38,11.85,12.77,12.52,12.67,0.01,0.01,0.01,0.01,0.01,0.01,0.01,0.02,0.03,0.03,0.03,0.02,2.0,2.2,2.5,2.7,2.7,2.63,2.68,2.55,2.29,2.17,2.12,Local Area Unemployment Statistics,LASST250000000000003,Seasonally Adjusted,Massachusetts,Statewide,Massachusetts,unemployment rate,2008 to 2019,5.55,8.1,8.29,7.24,6.66,6.72,5.75,4.8,3.88,3.76,3.35,2.95,,,,,,,,,,,,,,,,,,,,,,,,,,,,,,,,,,,,,,,,,,,,,,,,,,,,,,,,,,,,,,,,,,,,,,,,,,,,,,,,,,,,,,,,,,,,,,,,
MD,353503.66,319818.08,303927.05,293501.67,286751.73,295964.02,304431.46,305692.8,308861.77,318140.82,328420.79,333409.11,299833.58,286404.64,267065.67,251133.14,254384.35,262966.76,278678.22,287628.61,293758.44,306694.3,319086.75,325038.86,9.68,9.02,10.37,10.16,9.83,11.49,11.57,13.7,15.81,17.74,17.74,18.46,0.0,0.0,0.0,0.01,0.03,0.04,0.06,0.09,0.05,0.05,0.04,0.04,2.8,2.8,2.8,2.9,2.8,2.53,2.54,2.6,2.69,2.54,2.4,Local Area Unemployment Statistics,LASST240000000000003,Seasonally Adjusted,Maryland,Statewide,Maryland,unemployment rate,2008 to 2019,4.25,7.02,7.65,7.25,6.97,6.57,5.82,5.08,4.44,4.24,3.93,3.74,,,,,,,,,,,,,,,,,,,,,,,,,,,,,,,,,,,,,,,,,,,,,,,,,,,,,,,,,,,,,,,,,,,,,,,,,,,,,,,,,,,,,,,,,,,,,,,,
ME,234211.15,220898.42,217096.71,207235.43,210055.88,209956.08,209074.63,205497.56,203788.39,209451.04,217686.24,224447.95,174866.67,166663.89,172523.61,165771.53,182132.65,178613.96,177990.62,200243.4,207820.83,226401.35,242917.78,255077.03,2.36,2.26,2.07,2.07,2.34,2.94,3.08,3.43,3.95,4.23,4.01,3.73,0.0,0.0,0.0,0.01,0.01,0.0,0.01,0.01,0.01,0.01,0.01,0.01,4.2,4.1,4.2,4.2,3.9,3.97,3.58,3.43,3.43,3.23,3.2,Local Area Unemployment Statistics,LASST230000000000003,Seasonally Adjusted,Maine,Statewide,Maine,unemployment rate,2008 to 2019,5.52,8.08,8.13,7.89,7.47,6.65,5.61,4.38,3.78,3.4,3.38,3.15,,,,,,,,,,,,,,,,,,,,,,,,,,,,,,,,,,,,,,,,,,,,,,,,,,,,,,,,,,,,,,,,,,,,,,,,,,,,,,,,,,,,,,,,,,,,,,,,
MI,154287.39,139393.42,132359.9,128268.68,128637.14,136598.95,145025.84,150434.15,155806.27,164150.67,174242.34,182050.85,143890.19,122205.63,121018.15,119928.41,127771.31,142027.84,152420.31,160269.11,166099.15,177985.54,191082.16,202776.71,9.64,10.4,10.38,10.76,12.34,13.73,12.69,14.02,15.42,16.2,16.13,15.81,0.1,0.12,0.11,0.1,0.08,0.06,0.04,0.03,0.02,0.02,0.02,0.01,3.4,3.3,3.5,3.4,3.3,3.26,3.0,3.05,2.91,2.85,2.84,Local Area Unemployment Statistics,LASST260000000000003,Seasonally Adjusted,Michigan,Statewide,Michigan,unemployment rate,2008 to 2019,8.04,13.61,12.58,10.39,9.13,8.78,7.23,5.41,5.0,4.59,4.13,4.12,,,,,,,,,,,,,,,,,,,,,,,,,,,,,,,,,,,,,,,,,,,,,,,,,,,,,,,,,,,,,,,,,,,,,,,,,,,,,,,,,,,,,,,,,,,,,,,,
MN,196946.74,182382.09,175702.99,166277.28,164081.88,173239.85,181563.74,184394.7,190877.03,201408.65,212736.32,220761.75,205932.27,185231.02,183742.96,166902.08,170398.9,183267.78,195831.72,205301.64,211613.18,231530.12,247404.2,259514.33,6.24,6.42,5.57,5.95,7.08,8.02,7.52,8.47,9.01,9.51,9.36,9.46,0.02,0.02,0.03,0.04,0.05,0.05,0.03,0.02,0.01,0.01,0.01,0.01,,,,,,,,,,,,Local Area Unemployment Statistics,LASST270000000000003,Seasonally Adjusted,Minnesota,Statewide,Minnesota,unemployment rate,2008 to 2019,5.44,7.77,7.39,6.49,5.61,4.96,4.16,3.68,3.87,3.41,2.91,3.24,,,,,,,,,,,,,,,,,,,,,,,,,,,,,,,,,,,,,,,,,,,,,,,,,,,,,,,,,,,,,,,,,,,,,,,,,,,,,,,,,,,,,,,,,,,,,,,,
MO,142049.41,135569.68,132161.6,125656.78,122425.33,122294.55,123881.16,127014.49,131050.98,135672.39,142524.55,148446.71,163125.32,159075.53,157634.22,152665.98,151383.78,152252.84,159056.04,162951.71,169935.01,180896.24,190683.33,201568.22,5.79,5.37,4.98,4.81,5.35,5.93,5.88,6.73,7.68,8.5,8.91,8.41,0.04,0.04,0.04,0.05,0.06,0.05,0.03,0.02,0.02,0.01,0.01,0.01,3.7,3.8,3.9,3.9,3.7,3.42,3.28,3.18,3.28,3.14,3.04,Local Area Unemployment Statistics,LASST290000000000003,Seasonally Adjusted,Missouri,Statewide,Missouri,unemployment rate,2008 to 2019,6.18,9.26,9.58,8.49,6.98,6.73,6.13,4.98,4.58,3.76,3.18,3.22,,,,,,,,,,,,,,,,,,,,,,,,,,,,,,,,,,,,,,,,,,,,,,,,,,,,,,,,,,,,,,,,,,,,,,,,,,,,,,,,,,,,,,,,,,,,,,,,
MS,118782.22,115242.92,112245.33,109144.04,107339.9,104701.82,103602.25,104237.24,107527.82,110019.21,113577.32,117658.76,147286.0,142475.4,142766.88,129781.25,127164.81,132650.76,138436.57,144002.68,150490.0,156940.99,162837.3,171661.77,2.96,2.92,3.03,3.01,3.08,3.45,3.55,3.89,4.62,4.85,4.48,4.32,0.01,0.02,0.02,0.02,0.02,0.02,0.01,0.01,0.01,0.0,0.01,0.0,4.3,4.1,4.3,4.0,4.0,3.59,3.37,3.37,3.2,2.9,2.72,Local Area Unemployment Statistics,LASST280000000000003,Seasonally Adjusted,Mississippi,Statewide,Mississippi,unemployment rate,2008 to 2019,6.6,9.48,10.36,9.98,9.0,8.53,7.49,6.38,5.83,5.1,4.77,5.1,,,,,,,,,,,,,,,,,,,,,,,,,,,,,,,,,,,,,,,,,,,,,,,,,,,,,,,,,,,,,,,,,,,,,,,,,,,,,,,,,,,,,,,,,,,,,,,,
MT,249085.83,229901.18,217305.68,210999.2,210743.83,216490.37,225810.41,227911.8,229226.8,238157.76,250403.04,262202.53,193270.0,181242.77,186728.7,183056.48,181479.17,186048.55,201419.05,227881.69,237785.85,255013.43,276405.56,293626.41,2.61,2.47,2.42,2.42,2.93,3.31,3.3,3.9,4.11,4.24,4.35,4.47,0.01,0.01,0.03,0.02,0.03,0.02,0.01,0.01,0.01,0.01,0.01,0.0,4.1,4.0,3.9,4.0,3.9,3.39,3.45,3.43,3.1,3.11,3.03,Local Area Unemployment Statistics,LASST300000000000003,Seasonally Adjusted,Montana,Statewide,Montana,unemployment rate,2008 to 2019,5.11,6.84,7.3,6.94,5.98,5.41,4.66,4.19,4.13,3.94,3.72,3.54,,,,,,,,,,,,,,,,,,,,,,,,,,,,,,,,,,,,,,,,,,,,,,,,,,,,,,,,,,,,,,,,,,,,,,,,,,,,,,,,,,,,,,,,,,,,,,,,
NC,182419.45,173986.06,166381.11,158529.71,154408.42,155094.55,158913.15,161927.15,167188.15,174604.25,184608.71,193065.42,173105.95,167357.17,178284.82,165778.63,170336.35,174680.44,177461.74,185765.7,191298.15,200076.16,215811.15,227340.66,10.1,8.91,8.78,8.45,9.56,11.79,12.41,13.45,16.06,18.28,18.38,19.48,0.05,0.06,0.08,0.07,0.07,0.06,0.06,0.04,0.03,0.02,0.02,0.01,3.8,3.8,3.8,3.7,3.7,3.43,3.4,3.08,3.25,3.11,3.08,Local Area Unemployment Statistics,LASST370000000000003,Seasonally Adjusted,North Carolina,Statewide,North Carolina,unemployment rate,2008 to 2019,6.13,10.58,10.82,10.27,9.29,7.96,6.32,5.72,5.08,4.48,3.89,4.03,,,,,,,,,,,,,,,,,,,,,,,,,,,,,,,,,,,,,,,,,,,,,,,,,,,,,,,,,,,,,,,,,,,,,,,,,,,,,,,,,,,,,,,,,,,,,,,,
ND,134917.45,134971.88,134141.33,131628.87,137667.47,152007.81,155455.86,156547.14,161123.08,161621.09,163702.76,166723.48,158636.0,160435.0,159603.33,166367.59,192223.03,205441.67,220154.55,235670.37,233064.58,232470.83,232097.22,231134.58,1.72,1.7,1.71,1.57,1.99,2.0,1.99,1.84,1.96,2.07,2.09,2.06,0.01,0.01,0.02,0.01,0.01,0.01,0.01,0.01,0.01,0.01,0.01,0.02,2.9,2.8,3.1,2.7,3.1,2.94,2.83,2.84,2.59,2.49,2.56,Local Area Unemployment Statistics,LASST380000000000003,Seasonally Adjusted,North Dakota,Statewide,North Dakota,unemployment rate,2008 to 2019,3.19,4.1,3.78,3.47,3.07,2.92,2.67,2.79,3.09,2.67,2.63,2.4,,,,,,,,,,,,,,,,,,,,,,,,,,,,,,,,,,,,,,,,,,,,,,,,,,,,,,,,,,,,,,,,,,,,,,,,,,,,,,,,,,,,,,,,,,,,,,,,
NE,134447.0,133258.08,132069.1,128367.34,127995.44,130834.79,132531.23,134705.21,137373.73,142928.25,151398.25,158770.78,136374.81,133968.98,133083.61,134277.18,137831.95,144413.94,146436.49,154448.41,165584.78,170639.64,181409.35,194931.36,2.9,3.09,2.7,2.7,3.02,3.31,3.38,3.77,4.02,4.18,4.27,4.05,0.01,0.01,0.02,0.02,0.02,0.02,0.01,0.01,0.01,0.01,0.0,0.0,3.3,3.4,3.6,3.5,3.4,3.28,3.05,3.18,3.14,3.02,2.95,Local Area Unemployment Statistics,LASST310000000000003,Seasonally Adjusted,Nebraska,Statewide,Nebraska,unemployment rate,2008 to 2019,3.34,4.64,4.63,4.39,4.02,3.77,3.27,2.99,3.07,2.88,2.79,2.98,,,,,,,,,,,,,,,,,,,,,,,,,,,,,,,,,,,,,,,,,,,,,,,,,,,,,,,,,,,,,,,,,,,,,,,,,,,,,,,,,,,,,,,,,,,,,,,,
NH,257838.88,240007.57,233480.33,229944.47,223986.51,230441.83,237634.44,244674.07,252459.55,264382.57,279610.3,289440.77,250793.33,221176.65,227383.33,221909.17,229158.76,233935.26,231655.3,240888.33,243677.85,264679.7,278960.06,294025.42,4.12,4.44,4.51,4.42,4.18,5.36,5.53,6.2,6.98,8.34,7.8,7.63,0.01,0.01,0.01,0.0,0.0,0.0,0.0,0.01,0.01,0.02,0.01,0.01,3.9,3.7,3.8,3.8,3.6,3.73,3.54,3.33,3.38,3.11,3.09,Local Area Unemployment Statistics,LASST330000000000003,Seasonally Adjusted,New Hampshire,Statewide,New Hampshire,unemployment rate,2008 to 2019,3.87,6.23,5.83,5.41,5.48,5.08,4.28,3.36,2.87,2.73,2.53,2.47,,,,,,,,,,,,,,,,,,,,,,,,,,,,,,,,,,,,,,,,,,,,,,,,,,,,,,,,,,,,,,,,,,,,,,,,,,,,,,,,,,,,,,,,,,,,,,,,
NJ,420846.99,391781.09,380716.98,361595.33,349549.49,354848.03,366802.37,368908.9,370147.75,376508.54,389347.73,394467.31,359220.3,328069.67,326962.15,305550.61,286684.91,296716.98,312051.65,316478.09,327699.09,334873.84,347126.24,359175.05,11.52,10.42,10.19,9.59,10.41,12.99,12.98,15.62,17.7,21.02,22.34,21.23,0.02,0.03,0.03,0.02,0.01,0.01,0.02,0.02,0.03,0.03,0.03,0.03,3.0,2.7,3.0,2.9,2.8,2.79,2.78,2.82,2.67,2.6,2.75,Local Area Unemployment Statistics,LASST340000000000003,Seasonally Adjusted,New Jersey,Statewide,New Jersey,unemployment rate,2008 to 2019,5.36,9.03,9.53,9.34,9.33,8.24,6.74,5.78,4.98,4.62,4.14,3.59,,,,,,,,,,,,,,,,,,,,,,,,,,,,,,,,,,,,,,,,,,,,,,,,,,,,,,,,,,,,,,,,,,,,,,,,,,,,,,,,,,,,,,,,,,,,,,,,
NM,216786.43,203819.22,199047.55,185492.53,181806.54,181872.02,181819.09,177093.51,179636.44,184753.33,189075.22,197807.64,218761.82,206981.06,204165.91,187377.21,182695.42,184309.6,184841.37,185074.49,195443.4,196105.54,207110.9,219729.2,5.16,4.74,5.11,4.56,5.59,6.23,6.22,6.83,7.58,8.75,9.18,8.31,0.01,0.01,0.01,0.02,0.03,0.03,0.01,0.01,0.01,0.01,0.0,0.0,4.1,3.9,4.0,3.3,3.0,3.44,3.55,3.29,,,,Local Area Unemployment Statistics,LASST350000000000003,Seasonally Adjusted,New Mexico,Statewide,New Mexico,unemployment rate,2008 to 2019,4.48,7.51,8.1,7.52,7.12,6.94,6.68,6.51,6.62,5.85,4.94,4.95,,,,,,,,,,,,,,,,,,,,,,,,,,,,,,,,,,,,,,,,,,,,,,,,,,,,,,,,,,,,,,,,,,,,,,,,,,,,,,,,,,,,,,,,,,,,,,,,
NV,321440.87,246297.4,223295.24,203158.48,201760.42,214414.44,236529.62,248118.78,264579.04,284029.57,314971.39,330680.68,220221.6,151910.37,136541.41,125678.48,136774.31,169676.31,194464.0,214772.5,228564.52,258868.96,295045.37,310817.29,14.96,22.89,20.77,24.26,25.08,24.35,23.71,25.57,40.64,33.28,33.18,31.72,0.22,0.31,0.25,0.27,0.15,0.04,0.05,0.04,0.03,0.02,0.01,0.02,6.4,6.6,5.9,5.6,5.5,5.12,5.33,4.64,4.29,4.46,4.38,Local Area Unemployment Statistics,LASST320000000000003,Seasonally Adjusted,Nevada,Statewide,Nevada,unemployment rate,2008 to 2019,6.71,11.3,13.5,13.02,11.19,9.63,7.92,6.76,5.73,5.05,4.56,4.12,,,,,,,,,,,,,,,,,,,,,,,,,,,,,,,,,,,,,,,,,,,,,,,,,,,,,,,,,,,,,,,,,,,,,,,,,,,,,,,,,,,,,,,,,,,,,,,,
NY,278298.56,268552.77,263891.13,259738.74,255804.06,260552.21,271670.38,280099.19,286061.26,295582.16,308107.51,314999.34,273470.08,259575.56,258536.33,253600.81,279393.14,307826.2,310570.91,318342.93,336656.71,351428.25,370872.38,383284.86,5.26,4.72,5.18,4.86,5.27,6.18,6.41,7.24,8.21,8.72,8.46,7.9,0.01,0.02,0.02,0.01,0.0,0.0,0.0,0.01,0.01,0.01,0.01,0.0,2.8,2.6,2.9,2.9,2.9,2.74,2.84,2.71,2.68,2.68,2.78,Local Area Unemployment Statistics,LASST360000000000003,Seasonally Adjusted,New York,Statewide,New York,unemployment rate,2008 to 2019,5.46,8.32,8.59,8.3,8.52,7.71,6.33,5.26,4.85,4.68,4.11,3.95,,,,,,,,,,,,,,,,,,,,,,,,,,,,,,,,,,,,,,,,,,,,,,,,,,,,,,,,,,,,,,,,,,,,,,,,,,,,,,,,,,,,,,,,,,,,,,,,
OH,133636.93,127641.6,124746.58,119969.76,117288.57,117750.38,119734.69,123055.85,126759.54,133836.77,140916.21,147630.47,145106.06,136363.89,138183.79,130781.53,130371.75,134248.09,138321.94,143415.56,148631.39,152014.15,161589.48,169543.22,8.97,7.98,7.67,7.75,8.43,9.92,10.06,11.52,12.57,13.38,13.64,14.6,0.05,0.06,0.06,0.06,0.05,0.07,0.05,0.04,0.04,0.03,0.03,0.02,3.3,3.3,3.4,3.4,3.4,3.29,3.17,3.07,3.03,2.92,2.91,Local Area Unemployment Statistics,LASST390000000000003,Seasonally Adjusted,Ohio,Statewide,Ohio,unemployment rate,2008 to 2019,6.48,10.29,10.24,8.85,7.41,7.43,5.8,4.91,5.04,4.97,4.58,4.25,,,,,,,,,,,,,,,,,,,,,,,,,,,,,,,,,,,,,,,,,,,,,,,,,,,,,,,,,,,,,,,,,,,,,,,,,,,,,,,,,,,,,,,,,,,,,,,,
OK,91234.2,91641.63,92305.83,90900.61,91799.83,94012.01,97059.88,99712.92,102466.15,105080.47,108765.57,112540.4,124284.62,124705.6,129104.09,127293.26,125343.64,127317.03,133354.85,139672.88,145645.08,151214.09,154358.47,164780.94,5.11,4.57,4.12,4.32,5.17,5.48,5.76,5.87,6.59,7.15,7.33,7.45,0.02,0.02,0.02,0.02,0.02,0.02,0.02,0.01,0.02,0.02,0.02,0.02,5.3,4.8,5.2,5.2,4.8,4.5,4.54,4.37,4.37,4.07,3.77,Local Area Unemployment Statistics,LASST400000000000003,Seasonally Adjusted,Oklahoma,Statewide,Oklahoma,unemployment rate,2008 to 2019,3.77,6.38,6.78,5.88,5.27,5.28,4.51,4.39,4.81,4.24,3.38,3.25,,,,,,,,,,,,,,,,,,,,,,,,,,,,,,,,,,,,,,,,,,,,,,,,,,,,,,,,,,,,,,,,,,,,,,,,,,,,,,,,,,,,,,,,,,,,,,,,
OR,277968.81,253679.8,239686.22,223073.39,221452.26,235126.53,250320.18,263755.52,286501.08,303051.66,320004.77,331074.8,264053.17,236779.75,227021.15,207190.94,212568.48,234425.53,247804.77,265118.2,293344.18,317185.97,339353.44,353861.88,7.89,7.79,7.89,7.73,8.98,10.23,10.86,13.53,14.47,14.57,14.06,13.33,0.02,0.04,0.03,0.03,0.02,0.01,0.02,0.03,0.03,0.02,0.02,0.01,3.9,3.9,4.0,3.8,3.8,3.62,3.43,3.42,3.36,3.38,3.37,Local Area Unemployment Statistics,LASST410000000000003,Seasonally Adjusted,Oregon,Statewide,Oregon,unemployment rate,2008 to 2019,6.57,11.26,10.61,9.5,8.83,7.88,6.77,5.58,4.81,4.12,4.13,4.15,,,,,,,,,,,,,,,,,,,,,,,,,,,,,,,,,,,,,,,,,,,,,,,,,,,,,,,,,,,,,,,,,,,,,,,,,,,,,,,,,,,,,,,,,,,,,,,,
PA,194189.89,186586.36,182966.63,174480.96,170260.41,171315.46,173318.15,174424.32,175179.24,178905.05,185889.69,191196.27,195071.63,187483.98,194441.45,191336.75,187884.12,191293.24,193500.93,196546.21,200839.39,207138.88,215265.83,226449.22,6.18,5.62,5.35,5.21,5.73,6.5,6.64,7.47,8.07,8.5,8.71,8.61,0.03,0.03,0.03,0.04,0.03,0.03,0.03,0.03,0.03,0.03,0.02,0.02,2.7,2.7,2.7,2.8,2.8,2.68,2.66,2.62,2.64,2.56,2.61,Local Area Unemployment Statistics,LASST420000000000003,Seasonally Adjusted,Pennsylvania,Statewide,Pennsylvania,unemployment rate,2008 to 2019,5.32,8.05,8.43,7.93,7.83,7.34,5.88,5.28,5.39,4.88,4.29,3.97,,,,,,,,,,,,,,,,,,,,,,,,,,,,,,,,,,,,,,,,,,,,,,,,,,,,,,,,,,,,,,,,,,,,,,,,,,,,,,,,,,,,,,,,,,,,,,,,
RI,329324.44,297156.94,290077.37,277716.72,266938.62,272297.74,279519.63,282854.61,294556.29,308268.46,324422.46,331355.29,239850.0,194741.67,209702.08,198717.23,205624.03,213687.8,221651.39,226968.4,239153.48,266645.0,282185.56,289426.38,9.5,10.36,10.25,10.52,9.89,11.17,11.06,11.96,14.01,17.53,15.94,15.99,0.03,0.04,0.03,0.01,0.0,0.0,0.01,0.02,0.02,0.02,0.02,0.01,2.7,3.0,3.2,3.2,3.2,3.15,2.84,2.99,2.84,2.89,2.91,Local Area Unemployment Statistics,LASST440000000000003,Seasonally Adjusted,Rhode Island,Statewide,Rhode Island,unemployment rate,2008 to 2019,7.81,10.98,11.2,11.03,10.39,9.27,7.69,6.0,5.19,4.42,4.06,3.67,,,,,,,,,,,,,,,,,,,,,,,,,,,,,,,,,,,,,,,,,,,,,,,,,,,,,,,,,,,,,,,,,,,,,,,,,,,,,,,,,,,,,,,,,,,,,,,,
SC,170175.36,160558.89,154761.0,146826.76,143731.29,146112.06,150634.7,155673.89,164018.42,171550.69,181361.05,189245.63,164828.25,156301.85,152028.79,146480.06,149688.56,143289.92,147909.44,162577.27,181128.54,183993.79,197886.88,205253.38,10.71,9.27,9.25,9.21,10.26,12.59,12.67,15.24,18.45,20.57,21.39,21.83,0.01,0.02,0.02,0.02,0.02,0.02,0.02,0.02,0.01,0.01,0.01,0.01,2.8,3.0,3.1,3.2,3.2,3.19,2.93,2.77,2.52,2.62,2.53,Local Area Unemployment Statistics,LASST450000000000003,Seasonally Adjusted,South Carolina,Statewide,South Carolina,unemployment rate,2008 to 2019,6.85,11.23,11.13,10.54,9.2,7.62,6.46,5.97,5.03,4.27,3.41,3.14,,,,,,,,,,,,,,,,,,,,,,,,,,,,,,,,,,,,,,,,,,,,,,,,,,,,,,,,,,,,,,,,,,,,,,,,,,,,,,,,,,,,,,,,,,,,,,,,
SD,156898.71,151443.45,146933.07,146182.58,144129.31,147029.15,149280.72,150171.48,150817.42,155152.63,162397.02,168786.35,,,,,,179030.0,185233.33,193196.03,194346.06,212909.23,226201.04,232561.93,0.72,0.8,0.76,0.89,1.14,1.66,1.47,1.3,1.52,1.67,1.69,1.63,0.01,0.01,0.0,0.01,0.01,0.01,0.01,0.01,0.0,0.0,0.0,0.0,3.1,3.3,3.4,3.3,3.0,2.9,2.78,2.62,2.78,2.69,2.57,Local Area Unemployment Statistics,LASST460000000000003,Seasonally Adjusted,South Dakota,Statewide,South Dakota,unemployment rate,2008 to 2019,3.1,4.93,4.98,4.73,4.27,3.78,3.41,3.1,2.98,3.18,3.01,2.92,,,,,,,,,,,,,,,,,,,,,,,,,,,,,,,,,,,,,,,,,,,,,,,,,,,,,,,,,,,,,,,,,,,,,,,,,,,,,,,,,,,,,,,,,,,,,,,,
TN,131593.6,127362.25,125065.35,121793.27,121162.54,124482.44,128973.5,133698.52,141377.94,150917.9,160939.6,168817.13,162826.72,155411.08,155520.63,149438.88,147743.81,152017.22,155335.51,164097.28,176431.76,191547.13,205826.61,218740.15,12.7,11.43,10.98,10.12,12.0,13.49,14.16,15.56,16.75,17.13,17.31,18.29,0.03,0.03,0.03,0.03,0.03,0.02,0.01,0.01,0.01,0.02,0.02,0.02,4.2,3.9,4.2,4.3,4.2,4.13,3.8,3.69,3.76,3.55,3.51,Local Area Unemployment Statistics,LASST470000000000003,Seasonally Adjusted,Tennessee,Statewide,Tennessee,unemployment rate,2008 to 2019,6.63,10.46,9.63,8.97,7.83,7.73,6.6,5.6,4.73,3.75,3.49,3.34,,,,,,,,,,,,,,,,,,,,,,,,,,,,,,,,,,,,,,,,,,,,,,,,,,,,,,,,,,,,,,,,,,,,,,,,,,,,,,,,,,,,,,,,,,,,,,,,
TX,146905.4,143781.68,142257.74,138610.35,139634.05,147456.3,157606.83,167257.1,176284.34,185057.71,194356.24,202165.05,179423.02,176780.56,180525.52,176073.74,181336.5,192460.88,203136.56,215521.23,224985.36,238527.19,251423.04,262126.39,12.24,11.16,10.87,10.87,12.36,14.51,15.04,16.36,17.19,17.92,18.72,17.49,0.04,0.04,0.05,0.05,0.05,0.03,0.02,0.02,0.01,0.01,0.01,0.01,3.3,3.3,3.3,3.2,3.0,2.89,2.7,2.59,2.6,2.25,2.58,Local Area Unemployment Statistics,LASST480000000000003,Seasonally Adjusted,Texas,Statewide,Texas,unemployment rate,2008 to 2019,4.83,7.57,8.13,7.76,6.74,6.25,5.12,4.43,4.63,4.33,3.85,3.55,,,,,,,,,,,,,,,,,,,,,,,,,,,,,,,,,,,,,,,,,,,,,,,,,,,,,,,,,,,,,,,,,,,,,,,,,,,,,,,,,,,,,,,,,,,,,,,,
UT,231791.72,211118.05,199029.82,187460.28,187268.98,206697.63,214883.21,222939.47,237622.02,254587.57,277010.55,295576.03,220922.95,209062.5,200543.64,184363.48,196259.7,215564.65,223770.28,235122.65,253629.56,276173.08,305162.99,328099.65,10.24,9.91,9.35,9.9,11.09,12.69,12.73,14.63,17.0,18.58,18.35,17.61,0.01,0.03,0.03,0.03,0.03,0.03,0.02,0.01,0.01,0.01,0.0,0.0,3.8,3.7,3.7,3.7,3.3,3.1,3.08,3.56,3.59,3.44,3.77,Local Area Unemployment Statistics,LASST490000000000003,Seasonally Adjusted,Utah,Statewide,Utah,unemployment rate,2008 to 2019,3.58,7.32,7.83,6.75,5.4,4.59,3.82,3.6,3.43,3.26,3.13,2.81,,,,,,,,,,,,,,,,,,,,,,,,,,,,,,,,,,,,,,,,,,,,,,,,,,,,,,,,,,,,,,,,,,,,,,,,,,,,,,,,,,,,,,,,,,,,,,,,
VA,255999.79,240361.18,236692.84,230402.52,228276.31,233481.81,237326.45,239143.27,242362.59,249300.92,257042.35,266200.3,300374.02,284089.71,295145.82,289890.28,285197.39,306871.14,306084.83,305992.1,303736.65,310073.94,322153.86,334251.98,7.97,7.96,7.57,7.43,8.14,9.14,9.28,10.81,12.11,12.55,12.53,13.62,0.02,0.04,0.05,0.05,0.05,0.04,0.03,0.03,0.04,0.03,0.03,0.02,3.8,3.7,3.8,3.8,3.7,3.56,3.48,3.3,3.37,3.04,3.08,Local Area Unemployment Statistics,LASST510000000000003,Seasonally Adjusted,Virginia,Statewide,Virginia,unemployment rate,2008 to 2019,3.96,6.68,7.13,6.59,6.06,5.7,5.23,4.46,4.1,3.7,2.98,2.82,,,,,,,,,,,,,,,,,,,,,,,,,,,,,,,,,,,,,,,,,,,,,,,,,,,,,,,,,,,,,,,,,,,,,,,,,,,,,,,,,,,,,,,,,,,,,,,,
VT,217501.13,212238.7,213421.97,216194.95,216710.58,216755.74,215585.72,217010.57,216684.69,219704.99,226766.66,231897.41,,,,,,,,,,,,,1.26,1.25,1.81,2.03,2.55,2.83,2.86,3.15,3.33,3.44,3.45,3.06,0.01,0.02,0.02,0.02,0.01,0.02,0.02,0.02,0.02,0.02,0.02,0.02,3.6,3.5,3.8,3.6,3.5,3.55,3.46,3.08,3.1,2.92,3.08,Local Area Unemployment Statistics,LASST500000000000003,Seasonally Adjusted,Vermont,Statewide,Vermont,unemployment rate,2008 to 2019,4.71,6.57,6.08,5.47,4.93,4.41,3.93,3.57,3.23,2.98,2.66,2.23,,,,,,,,,,,,,,,,,,,,,,,,,,,,,,,,,,,,,,,,,,,,,,,,,,,,,,,,,,,,,,,,,,,,,,,,,,,,,,,,,,,,,,,,,,,,,,,,
WA,301549.57,274495.12,262043.95,241961.65,235502.21,252028.23,267069.01,286110.89,310317.6,339948.76,372878.54,384768.82,282413.48,279376.69,276374.1,252410.64,249188.82,270873.09,284307.16,305052.87,335174.45,379415.89,420331.21,439098.65,9.18,8.88,9.03,9.54,10.93,13.46,13.93,16.48,17.88,18.64,17.5,16.95,0.02,0.05,0.06,0.07,0.04,0.03,0.03,0.03,0.02,0.01,0.01,0.01,3.9,3.9,4.2,4.1,3.9,3.82,3.65,3.38,3.48,3.41,3.3,Local Area Unemployment Statistics,LASST530000000000003,Seasonally Adjusted,Washington,Statewide,Washington,unemployment rate,2008 to 2019,5.41,9.12,9.99,9.28,8.11,7.03,6.13,5.64,5.28,4.71,4.48,4.56,,,,,,,,,,,,,,,,,,,,,,,,,,,,,,,,,,,,,,,,,,,,,,,,,,,,,,,,,,,,,,,,,,,,,,,,,,,,,,,,,,,,,,,,,,,,,,,,
WI,167285.19,162691.21,159014.69,152998.8,150166.31,154355.12,157832.08,161453.75,167181.79,176529.49,186793.08,195379.23,175676.4,158531.42,159815.47,157446.84,152364.82,154492.32,161295.02,168228.07,175044.04,185744.53,199949.2,209991.24,7.09,6.54,6.21,6.09,7.3,8.4,8.47,9.06,10.0,10.63,10.47,10.55,0.05,0.06,0.06,0.07,0.07,0.05,0.03,0.03,0.02,0.01,0.01,0.01,3.0,2.9,3.0,2.9,2.9,2.78,2.66,2.6,2.6,2.43,2.46,Local Area Unemployment Statistics,LASST550000000000003,Seasonally Adjusted,Wisconsin,Statewide,Wisconsin,unemployment rate,2008 to 2019,4.93,8.58,8.64,7.76,7.03,6.7,5.4,4.53,4.02,3.27,3.0,3.02,,,,,,,,,,,,,,,,,,,,,,,,,,,,,,,,,,,,,,,,,,,,,,,,,,,,,,,,,,,,,,,,,,,,,,,,,,,,,,,,,,,,,,,,,,,,,,,,
WV,105932.95,102891.73,103329.65,98392.59,96010.12,95029.84,93818.41,88433.68,88496.26,88742.71,91196.16,93635.16,244500.0,195358.33,189866.67,168075.0,197383.33,164553.33,145977.5,147518.38,145403.33,151882.74,156077.94,165615.4,1.37,1.33,1.45,1.32,1.26,1.49,1.36,1.18,1.38,1.68,1.75,1.63,0.0,0.01,0.01,0.02,0.01,0.01,0.01,0.0,0.0,0.0,0.01,0.01,4.8,5.1,5.1,5.2,4.7,4.59,4.2,3.98,3.76,3.48,3.25,Local Area Unemployment Statistics,LASST540000000000003,Seasonally Adjusted,West Virginia,Statewide,West Virginia,unemployment rate,2008 to 2019,4.37,7.71,8.63,8.06,7.49,6.79,6.63,6.74,6.08,5.19,5.23,4.87,,,,,,,,,,,,,,,,,,,,,,,,,,,,,,,,,,,,,,,,,,,,,,,,,,,,,,,,,,,,,,,,,,,,,,,,,,,,,,,,,,,,,,,,,,,,,,,,
WY,199333.11,197224.55,205000.47,210557.32,219904.96,224617.72,229528.93,236976.38,243227.08,243749.28,251509.89,261648.46,177682.5,182788.33,172811.67,167108.33,180951.39,187134.72,200951.39,203044.44,202067.86,203350.52,205039.58,217065.23,3.03,2.66,2.61,2.83,3.17,3.39,3.38,3.44,3.31,3.94,4.51,4.53,0.01,0.01,0.03,0.03,0.03,0.02,0.01,0.01,0.01,0.01,0.02,0.03,4.9,5.1,5.1,4.8,4.4,4.26,4.6,4.15,4.2,3.96,3.75,Local Area Unemployment Statistics,LASST560000000000003,Seasonally Adjusted,Wyoming,Statewide,Wyoming,unemployment rate,2008 to 2019,3.07,6.33,6.45,5.79,5.31,4.72,4.13,4.33,5.33,4.18,4.08,3.71,,,,,,,,,,,,,,,,,,,,,,,,,,,,,,,,,,,,,,,,,,,,,,,,,,,,,,,,,,,,,,,,,,,,,,,,,,,,,,,,,,,,,,,,,,,,,,,,
