State,2008_Avg_ZHVI,2009_Avg_ZHVI,2010_Avg_ZHVI,2011_Avg_ZHVI,2012_Avg_ZHVI,2013_Avg_ZHVI,2014_Avg_ZHVI,2015_Avg_ZHVI,2016_Avg_ZHVI,2017_Avg_ZHVI,2018_Avg_ZHVI,2019_Avg_ZHVI,2008_Avg_MSR,2009_Avg_MSR,2010_Avg_MSR,2011_Avg_MSR,2012_Avg_MSR,2013_Avg_MSR,2014_Avg_MSR,2015_Avg_MSR,2016_Avg_MSR,2017_Avg_MSR,2018_Avg_MSR,2019_Avg_MSR,2008_Avg_NS,2009_Avg_NS,2010_Avg_NS,2011_Avg_NS,2012_Avg_NS,2013_Avg_NS,2014_Avg_NS,2015_Avg_NS,2016_Avg_NS,2017_Avg_NS,2018_Avg_NS,2019_Avg_NS,2008_Avg_FR,2009_Avg_FR,2010_Avg_FR,2011_Avg_FR,2012_Avg_FR,2013_Avg_FR,2014_Avg_FR,2015_Avg_FR,2016_Avg_FR,2017_Avg_FR,2018_Avg_FR,2019_Avg_FR,State Name,%Increase/Decrease_ZHVI,%Increase/Decrease_MSR,%Increase/Decrease_NS,%Increase/Decrease_FR,Lat,Lng
AK,257757.73167438273,255277.2561728395,255265.84567901245,252652.66203703717,257154.49061561562,261483.09355921848,260587.85927216415,263911.0062250411,260905.36141975306,265698.3184092478,269695.78200483095,274733.0770750988,250938.88888888888,248385.83333333334,251926.6666666667,247694.16666666666,249733.33333333334,260123.33333333334,263983.3333333333,265137.6068376068,273618.4523809524,276357.1428571429,276275.00000000006,303090.1948051948,9.031944444444445,8.409722222222218,8.322916666666664,8.128472222222223,8.972222222222225,10.315972222222223,9.895833333333336,10.302083333333332,10.432870370370374,10.371527777777782,11.289351851851855,10.138924963924968,0.011509545454545456,0.014735795454545453,0.0179530303030303,0.015444128787878786,0.013249810606060609,0.015368371212121212,0.010807954545454546,0.014436174242424242,0.007722537878787878,0.00810965909090909,0.008051325757575759,0.015248245277449824,Alaska,6.585775445200034,20.78247263595622,12.256281316714997,32.48347067805224,64.2008413,-149.4936733
AL,142287.10277067454,137912.21270345466,132560.9545211982,127438.04875639253,124757.8777552856,124216.83130423917,123857.45656953278,126152.31000375371,126710.28154277391,129905.843309622,135128.46738748244,140721.53816647478,175509.33333333334,180547.1553884712,173846.45316804407,161594.14609053495,154778.68764172337,149313.1808469308,160410.8723544973,160506.19227994225,166913.64633173845,170838.230861965,182899.57805907173,192811.42181306737,5.54487804878048,4.889972899729007,5.053387533875347,5.070211038961039,6.0018939393939466,6.719020562770572,7.086444805194796,7.684117965367965,8.438446969696976,8.992694805194798,8.99621212121211,9.49210067980359,0.016703090452261298,0.02210268006700169,0.028619849246231177,0.024541436925647437,0.022357852965747705,0.03634131161236426,0.03817410192147034,0.036395614035087745,0.029826023391812874,0.02479415204678363,0.021197076023391822,0.018579561267888334,Alabama,-1.10028567151514,9.858215600918104,71.18682496346781,11.234273208243303,32.3182314,-86.902298
AR,109428.50679144384,105079.60752769165,102444.34562176622,100620.50496031746,100541.64657455386,101893.99584106366,102221.9523171412,102801.309430402,104403.71547516124,106864.87110219299,110706.66750119209,114667.53478995971,140252.14285714287,138245.55555555556,150888.746031746,146917.72727272726,143810.74735449732,150323.69791666666,146687.82407407404,147823.53174603175,145568.2199546485,153188.90985324947,159641.19496855346,168384.95711835334,4.335545366795363,3.9887387387387414,3.833896396396402,3.74943693693694,3.7656250000000044,4.231981981981988,4.307995495495498,4.58671171171172,5.3794266441821375,5.759134345137727,5.925941540191133,5.654203964585312,0.010238047138047133,0.023586391694725022,0.03402805836139171,0.024478591470258132,0.011072166105499442,0.017768265993265996,0.02425331088664421,0.012681369248035916,0.012303733221476508,0.011055313199105148,0.011783920581655484,0.012020540250994796,Arkansas,4.787626325287212,20.058741127303712,30.415057074230123,17.41047964434032,35.20105,-91.8318334
AZ,257791.88024570871,222270.16888570826,208525.8312647754,192496.05754712067,192090.25600354065,210370.32837052536,219667.3631944443,224545.7671612376,235508.48577910563,245929.40762726997,261890.89103389115,275311.09032409015,226407.7906976744,176530.95195879773,162135.60996563573,145286.41895141892,152584.797979798,177200.01951600306,183870.43763368236,196480.29312169307,210747.5397048082,229344.1715116281,250549.2248062016,266456.50046981435,18.65064935064935,26.02174107142858,26.325285565939794,29.85621857438631,35.41979487179488,35.87398373983739,33.06489898989899,35.01985325852394,37.75686096106448,39.37664861863115,38.83067632850245,38.75638915030221,0.09463225454545462,0.13956324373651904,0.13865724826388906,0.13238908798813642,0.07226511986301368,0.059774971751412415,0.04646907968574636,0.031104901725791004,0.021606489156268564,0.016913494623655916,0.011267614850427352,0.00941172968235468,Arizona,6.795873501400969,17.688750748695547,107.80182191861782,-90.0544167233869,34.0489281,-111.0937311
CA,468233.71145014383,423004.03460836154,422985.65160346066,401367.3600693526,406446.894985464,446805.1623243503,476875.1169130697,503387.1029916204,536483.4835615861,569431.0510392364,615508.1071340708,626331.2937269371,407465.84733893553,342550.98595133144,347274.1681938855,330089.6528272984,338443.9731226776,399430.5801749056,446907.43583797175,484121.2619233112,515830.06756083877,549819.5213863018,606957.5652356899,617881.883531382,15.571647509578455,18.937251495425755,18.22401102677528,18.567577593964746,20.25150879296564,20.629228278690668,19.528821124409358,21.153240078195907,21.924785704147578,22.777819147460953,21.260338791643182,20.82603676516722,0.19650673606447386,0.24336039161818532,0.21293896839192222,0.20542833900585306,0.14505450136182724,0.06536230560818851,0.03688029079938325,0.028936317282169118,0.022029894508720345,0.01354103803716607,0.00964221376823016,0.006600223192395527,California,33.764673155881276,51.64016507558229,33.74330977089405,-96.64122292976765,36.778261,-119.4179324
CO,253618.98120004765,245395.78215432473,241199.4689523288,237452.87529125105,239758.2621693122,255112.31836715777,270234.2770542249,292758.44300780015,313756.48809076677,331518.9515337328,355129.4945205482,370922.9168119553,217074.26470588235,215294.25331294592,224658.17191283297,222233.37930803053,230240.99999999997,247694.47746883982,262632.5938404711,290546.97928765,318680.1591997745,345185.8232323233,375105.6944444444,392713.47979797976,13.267979797979828,11.296613011401742,11.22411489645959,11.53744201457919,13.61812458581842,16.334990059642134,17.159874088800542,19.024683484504944,19.598844884488475,20.084436930590797,19.177350427350444,19.731269015884415,0.09766219660194177,0.11062373188405807,0.08862502003205121,0.08434855555555557,0.08178119047619047,0.053861646825396806,0.028772400793650788,0.019262487275195125,0.013243088467614537,0.007637028301886794,0.0029817806603773585,0.0009409516152086906,Colorado,46.25203328901535,80.9120396331062,48.71343879260866,-99.0365242151537,39.5500507,-105.7820674
CT,347249.2153416186,323905.3924581005,313118.0145833333,300227.8016975309,288950.1955954574,293717.91701494437,294941.3222216033,295011.94560111687,298319.4267612294,301334.0385971055,306134.3323996265,307665.4107461166,274524.28571428574,307153.94345238095,307529.1666666667,272627.4404761905,267464.4809438927,269065.54089026916,265795.91666666674,280403.08641975315,290060.08579094516,287686.0742630385,295594.0476190476,293436.04761904763,9.02924187725632,8.227737665463295,8.122162485065708,6.783452807646357,7.468040621266427,9.441756272401436,9.628434886499406,10.894862604540027,11.133213859020309,12.154719235364398,12.00627240143369,11.70329006915028,0.0028476171875000005,0.02943528645833333,0.04725904392764862,0.03821350129198969,0.02786818475452196,0.018429134366925067,0.00711734496124031,0.03720552325581398,0.035546285529715754,0.036021479328165386,0.039913985788113705,0.031048179846639164,Connecticut,-11.399249543749155,6.888921268133095,29.615423179985868,990.3214091742856,41.6032207,-73.087749
DC,483599.1902777777,458940.0694444444,459613.4194444445,459278.6708333332,467900.16111111117,506845.4801587303,544902.2328042327,563037.7341269841,584612.0251322751,609986.6719576719,634939.816137566,662305.8124098125,377366.0,414258.3333333333,441138.88888888893,421514.46969696967,423751.6666666667,468290.2777777778,491883.9743589743,508345.238095238,548769.2424242423,564727.731092437,587388.725490196,607160.5882352941,16.147619047619052,16.976190476190474,18.91269841269841,17.634920634920636,18.61111111111111,23.583333333333336,27.481060606060613,28.20454545454546,29.06439393939394,34.17609126984127,32.40972222222222,32.65,0.029335,0.058518055555555545,0.05460185185185186,0.042307870370370364,0.007951388888888888,0.00047777777777777776,0.0008839598997493732,0.0032640350877192986,0.0037605263157894746,0.012849433106575965,0.007907539682539683,0.007087018140589568,District of Columbia,36.9534576824635,60.89435408470665,102.19699203774691,-75.84108355006113,38.9071923,-77.0368707
DE,300988.79071969696,281541.64835858584,272534.58585858584,256029.80492424237,248251.02830687823,249140.88940648714,258817.4130434783,263802.4577294686,270780.8762077294,275315.4051932368,283876.1437198068,290346.7905138339,235473.33333333334,223635.18518518517,216040.74074074076,217623.2323232323,206953.86904761902,205318.58974358972,204143.0729166667,233334.75390551478,235962.10622710624,251531.93542568546,260473.51190476186,268667.2077922078,8.899999999999997,8.918974358974362,8.902777777777784,9.497474747474746,13.428030303030305,13.909090909090907,13.41287878787879,13.260101010101014,16.619651741293534,18.88184079601989,18.53980099502488,19.164831685727208,0.01397448275862069,0.023311101694915255,0.02550763888888889,0.03984652777777777,0.055847638888888884,0.04087194444444445,0.04161958333333335,0.023570972222222222,0.03431415300546448,0.04558169398907103,0.05712349726775958,0.04222282786885245,Delaware,-3.5356799103437884,14.096659689225005,115.33518748008107,202.1423304043629,38.9108325,-75.52766989999999
FL,217942.68727927128,187828.21114620715,176393.55878007688,164023.6826339263,164577.9572504494,180208.1645921217,196303.81553483463,212094.35079797983,227251.04410184035,240771.92200609818,254257.9297011126,263404.07840772,205161.77028218698,161831.19744024103,149442.77790076082,138131.3531878749,147198.49621310682,165782.01190125945,179155.29974489775,191246.9519887371,204515.78967711498,220785.66750495706,238663.12949640292,251467.6711163536,17.681107099879647,21.64967532467536,24.639380379867582,26.892319727891152,29.126724231122648,34.4470946870723,36.706138079981656,40.17614868862155,38.740082793376565,39.687147455548704,42.00776326386793,41.087983924109764,0.03334848866498736,0.0501744606353179,0.06507767587563949,0.06380332731939237,0.04858959884901829,0.042353918743509814,0.0474052559088421,0.041091304014612855,0.02154945007507506,0.009953998615106008,0.00799182727606462,0.006576426247210936,Florida,20.8593331099908,22.570433453793946,132.38354754601,-80.27968729474827,27.6648274,-81.5157535
GA,173790.70331350242,161387.78737047286,151266.0608108107,140202.10758915407,137011.4186865606,143007.24042012796,154108.97525080113,161715.42234289972,170212.64303456113,178582.0840539971,191245.73047177106,200731.7041411797,181430.34013605444,166199.7762345679,163137.7272727273,149657.44389709906,150479.14112839857,162611.9747951773,170909.81540270435,179431.3018341307,184237.66490827868,195246.92497189727,212872.42173112353,227524.6404056349,14.394932023631563,11.896860986547088,12.66083829365078,13.628596230158738,16.933852621167155,17.920562130177515,18.24279986908853,19.462854349951126,24.17239744382598,23.978758503401394,25.121427036320693,25.6842921105687,0.045668839141472406,0.07802673667205172,0.09827912647374058,0.07893053322615218,0.082088125,0.07985990149094786,0.056074082065258525,0.04964691631504916,0.03691004776716279,0.03103125970695969,0.022813001966227184,0.020558833079981936,Georgia,15.501980436248191,25.40605955708092,78.4259353806177,-54.98279906722608,32.1656221,-82.9000751
HI,591893.606837607,563030.8041855632,552678.4332010584,525001.0323218175,514123.55686582805,520677.1731795355,540035.6933804924,559843.9412238324,580662.8977455713,607022.817230274,628989.2294685991,639542.8243302591,477345.0,426754.9242424242,410633.37912087917,397520.8333333333,415250.35947712424,431007.9629629629,493740.4166666667,518424.1666666668,531570.0585399449,548866.6792929295,575292.7083333334,589334.8768939393,9.06202531645569,8.835937500000004,10.254166666666677,10.744855967078188,11.174897119341566,12.574074074074069,12.897119341563792,13.814814814814811,15.968495934959348,17.120816599732265,15.281124497991968,15.172810723413129,0.0015363265306122449,0.005253,0.005196999999999999,0.00537173202614379,0.0037519607843137254,0.006021895424836601,0.007450980392156862,0.003121732026143791,0.006087980769230768,0.004669871794871794,0.0028314102564102562,0.0005408091908091909,Hawaii,8.05030109164961,23.460992970270837,67.43288827345131,-64.79855160779708,19.8967662,-155.5827818
IA,133499.25425550147,132204.31120180676,130146.42640508588,127232.15311708282,127069.99805206156,126876.37986491552,126363.26502649148,127200.30086572291,130324.45032166899,134167.88271344244,138963.7777777777,143739.1195821293,143402.14285714287,142295.80687830687,149682.36111111112,143173.7,146382.37179487178,150110.49382716048,153406.19444444444,157980.25252525252,161076.63809144075,165716.36018237084,173010.4609929078,184307.95400816674,2.661425576519904,2.4419197207678893,2.303957461645743,2.3585251046025073,3.0121164574616506,3.3569560669456093,3.4171025104602544,3.634327057182711,3.752522616562292,4.303058741744871,4.282846715328476,3.912239868111468,0.015018171806167388,0.015002523809523797,0.015298245614035085,0.018754404239766084,0.015209886695906437,0.014058424707602338,0.01606822002923976,0.01044753289473684,0.00674095705967977,0.00529255628177197,0.00467140522875817,0.00783219836386321,Iowa,7.670353953461014,28.525243999857246,46.99790603301919,-47.84852334258937,41.8780025,-93.097702
ID,202895.82456641892,190033.46085367564,175826.77513227507,160282.056986532,162798.4160628019,170566.93225419667,176951.21713615017,185195.720701952,197658.5125064841,212604.98217253902,234064.55432489462,254894.8085922516,185813.0,162301.8115942029,148427.43055555556,135215.1111111111,139990.93073593074,159218.96383186706,167056.96969696973,179271.21212121213,198491.47959183672,210979.24174174172,241613.51351351355,268321.93011193007,5.265283018867924,5.46572327044025,5.767924528301879,5.961320754716971,6.448427672955976,7.437421383647798,7.979010025062663,9.377192982456146,10.42293233082707,10.967731829573939,10.957706766917285,10.04513366750208,0.008261525423728815,0.017661440677966097,0.029881873822975507,0.03334981167608284,0.024327730696798507,0.017447551789077215,0.016315589887640453,0.013699625468164795,0.009740823970037457,0.010640543071161045,0.009071769662921348,0.007210303314039269,Idaho,25.628415043509463,44.404282860687935,90.78050755307471,-12.724310048967686,44.0682019,-114.7420408
IL,185279.53968431,172871.7859051751,166078.65715448913,160941.30183219392,156397.41836727998,159461.21248430762,164184.87470496332,165626.1633402753,168278.18922261224,171897.88355713573,176470.52900820278,178661.2990034576,239192.82120395327,207701.8657194061,199033.89171215252,181520.69187675076,183198.64679260124,195746.04199343332,204166.1759312874,206419.1443364209,203575.7337261503,211393.6753787084,225086.19676945676,234340.32828282824,7.536589147286872,7.1998969603297205,7.2619071945508775,7.029363920992379,8.12228150406507,9.167746443089463,9.990720844811765,11.419868976118995,12.311184449283243,13.363140311803994,12.533941485864558,11.63333258621723,0.014546000000000012,0.02060016712770859,0.023925281074481036,0.02391381530024166,0.027884477257297993,0.0640924643584521,0.044969610498928704,0.03092132782054931,0.02436321766371463,0.020062640117994062,0.019667622619824177,0.019507325872648782,Illinois,-3.5720299673288007,-2.0286950489151336,54.35805719096633,34.10783633059787,40.6331249,-89.3985283
IN,119905.87709541341,116068.61942616409,114085.42257553604,111627.88114907214,111895.5648335702,113663.26269017979,116166.64236805696,120847.96559251935,123874.72718215302,129804.63731638914,137879.80157972866,145414.44922507514,130080.83333333333,125270.5357142857,127509.99155690646,130485.08373205738,130026.262254902,135119.56296296295,132705.55788982258,138675.70894383398,145964.39210454302,151250.8054963279,161891.48009950243,171686.64654059385,7.25028102031996,6.8353869433635905,6.576956333765666,6.599329874621702,7.40550393978595,8.296619293712308,8.94405068728522,9.949595055413461,10.773460276967919,12.589756228714855,12.682350480970303,12.583627217339371,0.07744458140729324,0.07291937596302005,0.07000905238828968,0.06920965588084226,0.06432667923474374,0.06365663343558284,0.042764466530750896,0.03293634343434341,0.027673111782477347,0.02248201940035274,0.021639296296296295,0.02376148665762099,Indiana,21.27382973010042,31.984583847679733,73.56054450954298,-69.31807722911485,40.2671941,-86.1349019
KS,145180.1829635643,141794.801802168,139609.4897126022,135899.14811786098,135413.35953428285,137087.70296462375,138301.5331101739,139853.44263104297,139656.04209508045,141219.92599923958,147326.2384508164,152710.35038557625,182593.125,180479.73856209152,176744.29824561402,180178.63636363635,175999.1452991453,174759.67741935485,174818.6179361179,179780.48898071624,187209.3055555556,194241.99346405227,206730.06535947713,216106.09625668448,3.1058064516128963,2.9747311827956975,2.7218464841653245,2.651771336553946,3.0091250670960807,3.3707729468599004,3.4519592055824004,3.8946591519055413,4.516568732193738,4.981600000000013,5.136400000000013,4.818856994619424,0.023342487309644666,0.02882225042301186,0.03209632996632996,0.039592634680134686,0.04113501683501683,0.028165951178451172,0.02772003367003366,0.022408543771043763,0.01788254560530681,0.01544694719471947,0.014323391089108914,0.012808701155119064,Kansas,5.186773613518449,18.353906400739064,55.15638433028926,-45.12709384733496,39.011902,-98.4842465
KY,126432.44364328562,119893.00209569235,114740.42034732229,107916.66961133844,102289.70227999325,102090.4932369965,100119.52353449352,102113.22964252123,104387.58828651524,105538.70774683045,110499.48180592989,114688.07588009474,149807.14285714287,142029.29824561402,143928.5173160173,139834.6249610956,142534.091553288,142874.8538011696,146822.66666666666,155805.8838383838,160637.84722222216,165876.993670886,176596.09704641358,183893.0149597238,4.664872521246448,4.642184557438801,4.6349318288669545,4.34050305594735,4.81499764927128,5.62364833098262,5.316290550070525,5.607394366197188,6.58259102984842,7.146619181380417,7.185951379149128,6.955502456345156,0.0010675384615384616,0.001563663282571912,0.0032760942760942757,0.003410058922558923,0.004107533670033669,0.002848442760942761,0.005202314814814816,0.003611683417085426,0.0017056666666666665,0.0033604536839611466,0.002173184818481848,0.004103845759575958,Kentucky,-9.289045932170893,22.75316880923726,49.10380561667858,284.42134943426606,37.8393332,-84.2700179
LA,151377.54629920307,149277.60912349293,147012.80731481483,142501.3848477247,143311.6138168724,144643.27916744247,146715.9867974001,151109.7051887636,155370.5396065922,156814.54418233177,160139.39789789793,162072.74310674318,170312.4,169201.8772893773,167733.97435897434,167226.01010101012,163371.00000000003,174319.1523134076,178101.04166666666,180022.07359307364,186749.22331574679,191239.6891534392,198612.84722222225,200545.59598965847,5.782072829131641,5.267507002801118,5.150244584206856,5.4481558803061985,6.0505890505890605,7.062155647382921,7.6346021947873846,7.838809034907603,8.632830796252918,9.138070942662774,8.444028340080965,8.314242986066752,0.008525492957746478,0.008257922535211267,0.010508438596491226,0.024674390243902448,0.02876456170703577,0.024691238584474896,0.022041326530612245,0.012517514124293784,0.010443890765765768,0.010649248961329499,0.015660463576158943,0.016092381630301092,Louisiana,7.0652465104703674,17.75161173799352,43.7934670102624,88.75602513610838,30.9842977,-91.96233269999999
MA,386248.0010934152,364574.60478239594,365931.2135678392,354749.9915761622,349036.3195007663,366042.81812249013,385413.3616647013,403679.9962373413,414750.03590022644,430517.7054777566,451397.3022558195,459662.334969566,298460.7894736842,287422.51511715807,298359.65909090906,291525.9725371631,283353.1844486532,300397.2354497355,303114.4392238294,323230.2660904545,343965.4835836317,374434.8489152892,398465.3409090908,415184.07024793385,9.833914728682167,9.260820413436699,9.266957364341089,8.735017038830598,8.806860902255636,10.754542606516283,10.361372180451124,11.376566416040086,11.84912445278299,12.770325203252028,12.522983114446525,12.66597156231303,0.010297882882882883,0.01089281156156156,0.009599943693693692,0.007078922346716466,0.0058229710144927565,0.005633876811594206,0.007834963768115946,0.021804365942028985,0.03155370571221982,0.034949385394070866,0.02719837310195227,0.017699554085947793,Massachusetts,19.00704564640462,39.10841386571529,28.798875237047987,71.87565917425562,42.4072107,-71.3824374
MD,353503.6609790715,319818.0781073951,303927.04778902745,293501.67269340344,286751.73184037773,295964.020433562,304431.46422222233,305692.7996031749,308861.7703291037,318140.82409972313,328420.7938596492,333409.10862083413,299833.5833333334,286404.6393857714,267065.67164179106,251133.13763861705,254384.35408708945,262966.7634434726,278678.2248209018,287628.61338797817,293758.4428223845,306694.3016975309,319086.7476851852,325038.8573232323,9.681467661691535,9.022222222222224,10.371816953731853,10.159710766523686,9.82974822112754,11.488340978593248,11.568493150684922,13.704374057315217,15.809007490636697,17.74257609502597,17.736910029498528,18.456826482268966,0.0,0.0,0.0,0.006961943452380957,0.02539399431414357,0.040267224979321774,0.06270670781892995,0.08709148329258357,0.05239048543689313,0.04727221554487178,0.03908082736674623,0.0379053730279267,Maryland,-5.684397242897873,8.406421225296,90.64079050018961,inf,39.0457549,-76.64127119999999
ME,234211.15398027896,220898.4156201686,217096.70793650806,207235.4273856991,210055.87884314268,209956.07657222907,209074.6303330178,205497.5612726098,203788.38690842953,209451.03825093026,217686.24029771396,224447.95244309105,174866.66666666666,166663.88888888888,172523.61111111112,165771.52777777778,182132.65306122447,178613.95833333334,177990.625,200243.40277777775,207820.83333333328,226401.34920634923,242917.7777777778,255077.0303030303,2.364150943396229,2.2605570530098844,2.065588499550766,2.0667115902965003,2.341868823000898,2.9440700808625335,3.0786163522012644,3.4332884097035006,3.950134770889488,4.232704402515722,4.01078167115903,3.7261072410668095,0.001663807106598985,0.0017514805414551606,0.0030800761421319795,0.00554225888324873,0.005375888324873097,0.0031119289340101526,0.007813663282571912,0.00771738578680203,0.007260490693739425,0.01354530456852793,0.008814974619289343,0.005320674127057374,Maine,-4.168546788343817,45.86944165251448,57.60868617441395,219.78912134432758,45.253783,-69.4454689
MI,154287.38844507205,139393.4187510959,132359.90080197927,128268.68017460304,128637.14198629283,136598.9520447663,145025.83675379356,150434.14799558072,155806.26830091825,164150.67189714275,174242.33613333336,182050.8466909093,143890.1923076923,122205.63058035716,121018.15167954408,119928.41187169311,127771.30594587563,142027.83910533914,152420.31455245087,160269.11342625626,166099.1507794341,177985.53661616167,191082.15909090915,202776.7095467664,9.638436482084687,10.396491917010291,10.375957854406138,10.76490771897626,12.337967914438506,13.73468712685964,12.689917238270038,14.018904611370397,15.41640956223002,16.197069579957557,16.132828356752544,15.810019468593875,0.1015551978891821,0.12148154593113308,0.11263537400145245,0.09654400562040644,0.07548280440414508,0.05939581534230365,0.037653303926150954,0.028905175390766934,0.024428936225065243,0.017346933461600128,0.016580376325191843,0.013660909301533537,Michigan,17.994638787810796,40.924621959745636,64.03095562211291,-86.54829138687668,44.3148443,-85.60236429999999
MN,196946.73924006333,182382.0940142164,175702.9908103353,166277.28208746781,164081.88198528579,173239.84929047534,181563.73721801487,184394.69966514606,190877.03171767556,201408.64919354822,212736.32463630586,220761.74946811554,205932.27272727274,185231.0222222222,183742.95610425243,166902.08024691363,170398.89565760698,183267.7778452079,195831.71828908552,205301.6438979965,211613.18431568428,231530.1187579654,247404.19708029187,259514.32500184322,6.238849765258232,6.415492957746469,5.569949198905815,5.953635552581683,7.084851016429956,8.023072429906554,7.5224296642032815,8.46579355840124,9.012999611951873,9.50619711299155,9.357709092917897,9.460874567938532,0.015160564516129026,0.02140546034946238,0.026201207243460777,0.04477223417479437,0.0458678189712758,0.05072256999999994,0.028467154579729443,0.017414990059642154,0.013509592445328029,0.00883556105610561,0.007270986260116697,0.006703205623427952,Minnesota,12.092106891408594,26.01925942201983,51.644532628795204,-55.785250501084285,46.729553,-94.6858998
MO,142049.40715293822,135569.6769935586,132161.60335757342,125656.78047892729,122425.32595095842,122294.54765400146,123881.15796379729,127014.4895312858,131050.98302574594,135672.38888113404,142524.54978596675,148446.71052230825,163125.31914893616,159075.53287981855,157634.22431865826,152665.97906403945,151383.77600177602,152252.84159159166,159056.03843947215,162951.70995671,169935.00809061487,180896.23626373633,190683.33333333326,201568.21635154966,5.789083419155533,5.365345005149331,4.975626501888077,4.809818056985924,5.345434260212824,5.932972880192234,5.8790723593964245,6.734770704996561,7.6847193702942915,8.50124414519907,8.90796656431253,8.405341729650132,0.04003822612085773,0.04220545808966858,0.039343242365172164,0.04683529889538655,0.05716864847303438,0.051372205977907696,0.03455037289234761,0.019444412144702845,0.01590235788113695,0.011794197003125579,0.012937576841912095,0.009489212938634901,Missouri,4.503576253917299,23.566480913679925,45.192962703519626,-76.29961699603984,37.9642529,-91.8318334
MS,118782.21838118024,115242.91662776223,112245.32763097646,109144.04328494871,107339.90016460903,104701.82132503191,103602.25173443569,104237.23513531475,107527.82402402398,110019.21377131094,113577.31790123456,117658.75869809203,147286.0,142475.39682539683,142766.875,129781.25000000001,127164.8148148148,132650.7575757576,138436.57407407407,144002.67857142858,150490.00000000003,156940.98983027556,162837.30158730157,171661.77489177487,2.9557029177718803,2.9219717064544626,3.026675485008813,3.0105820105820116,3.0798059964726603,3.4532627865961167,3.554894179894175,3.8946475687900444,4.61785400175901,4.8484962406014995,4.480921052631574,4.321460244736099,0.01063169230769231,0.015380320512820511,0.01542262086513995,0.01590273536895674,0.018638486005089064,0.01719287531806616,0.00502589058524173,0.006084830447330446,0.006763510101010102,0.004066451843895454,0.00608220551378446,0.0027088170163170164,Mississippi,-0.9458147005496637,16.549960547353358,46.20753049138571,-74.52129973365467,32.3546679,-89.3985283
MT,249085.83195965693,229901.17619568293,217305.6782092772,210999.19768772883,210743.83359538778,216490.37007959312,225810.4114867941,227911.7976288788,229226.80444796057,238157.7567043895,250403.044410151,262202.53086419764,193270.0,181242.77146464647,186728.7037037037,183056.4814814815,181479.16666666666,186048.54797979796,201419.0476190476,227881.68767507002,237785.84656084655,255013.4259259259,276405.55555555556,293626.4141414141,2.6125874125874167,2.4688228438228483,2.424533799533803,2.4204545454545485,2.932983682983685,3.3074009324009332,3.2963286713286757,3.9018065268065256,4.112179487179488,4.244755244755243,4.354020979020972,4.472907647907649,0.005673853211009176,0.01019350152905199,0.025317048929663615,0.024463149847094804,0.025454969418960256,0.023603287461773693,0.008307339449541287,0.008209327217125383,0.008295871559633027,0.008654128440366973,0.007095412844036698,0.0032936403719737053,Montana,5.265935361054638,51.92550015078082,71.20604755106872,-41.95055371571934,46.8796822,-110.3625658
NC,182419.44990375053,173986.06048821541,166381.11353190546,158529.70550233248,154408.41886210022,155094.54730390987,158913.15063550638,161927.14843758434,167188.14676531407,174604.24799698553,184608.71150862912,193065.41673277266,173105.94827586206,167357.17424242428,178284.81994787962,165778.6344537816,170336.3508583836,174680.44304484152,177461.7363135731,185765.70332959224,191298.1462760724,200076.1586561587,215811.15384615381,227340.66200466198,10.100936329588018,8.906504571903566,8.779643449419567,8.446650124069482,9.558446922759181,11.789929580102626,12.411310259579745,13.452997475192303,16.057831078310794,18.276736881005196,18.381197691197706,19.484100397918596,0.05040169034090905,0.06128686997635933,0.07957712871287138,0.07469897743300422,0.07118050134138164,0.06285927817500853,0.05785912921348313,0.03928580432172869,0.025580540037243926,0.02101527665511067,0.01887498037676611,0.012233538217734641,North Carolina,5.83598231144718,31.330358239551277,92.89400271581837,-75.72792076021871,35.7595731,-79.01929969999999
ND,134917.45118871646,134971.880860096,134141.32962962962,131628.86806249307,137667.46532921813,152007.810842077,155455.85777777777,156547.1378799102,161123.08373842592,161621.08998690612,163702.75802469134,166723.47542087536,158636.0,160434.99999999997,159603.33333333334,166367.59259259258,192223.03030303027,205441.66666666663,220154.54545454544,235670.37037037036,233064.58333333334,232470.83333333334,232097.22222222222,231134.58333333334,1.721107266435989,1.697126436781608,1.7077586206896531,1.5692528735632165,1.9885057471264398,1.9979885057471278,1.991091954022993,1.8390804597701167,1.955459770114946,2.0701149425287375,2.092241379310349,2.0640013434841036,0.0069216831683168315,0.014244852941176467,0.016597712418300655,0.014040686274509806,0.009399264705882353,0.008777532679738563,0.00629640522875817,0.010609722222222222,0.009295751633986927,0.01236454248366013,0.011735702614379085,0.01777799642079054,North Dakota,23.574433071426814,45.701217462198585,19.922876611762153,156.84498970087463,47.5514926,-101.0020119
NE,134447.00216619315,133258.0793350168,132069.09909048784,128367.3405765694,127995.43943661965,130834.78515553723,132531.22970885318,134705.21010942763,137373.73330389507,142928.25436542564,151398.246655032,158770.77740758372,136374.81481481483,133968.98148148146,133083.61111111112,134277.1818181818,137831.95286195286,144413.94444444447,146436.48989898988,154448.4068627451,165584.77693602693,170639.64030549393,181409.34959349592,194931.3550135501,2.90400763358778,3.0906488549618287,2.703721374045793,2.6956106870228966,3.0198791348600476,3.3051844783714968,3.3813613231552098,3.771469465648849,4.015903307888042,4.184160305343519,4.2714694656488605,4.046341275348905,0.01004566037735849,0.012587945492662473,0.021362054507337535,0.022604192872117408,0.02306834381551363,0.024178301886792465,0.010284958071278827,0.008450890985324947,0.008237526205450731,0.006114203354297695,0.004571855345911951,0.004518185992902975,Nebraska,18.091720045437214,42.93794296127916,39.33645451027344,-55.02350444689198,41.4925374,-99.9018131
NH,257838.88125862958,240007.57385057473,233480.32634164783,229944.47204066822,223986.514319117,230441.82913765882,237634.43805272097,244674.07083934575,252459.55072285567,264382.5729003652,279610.30086071976,289440.7702375872,250793.33333333334,221176.65343915345,227383.33333333334,221909.1666666667,229158.7606837607,233935.25641025644,231655.29513888893,240888.3333333333,243677.84679089024,264679.7003284073,278960.0574712644,294025.4231974922,4.122175732217575,4.438284518828446,4.512203626220363,4.4194560669456076,4.175034867503485,5.364714086471398,5.531729428172945,6.197001394700135,6.982914923291491,8.335062240663898,7.801175656984779,7.629508930442541,0.011347720207253886,0.00812171848013817,0.006180354058721935,0.004657685664939551,0.0019717616580310878,0.001688471502590674,0.0025306563039723664,0.01320911053540588,0.014658117443868737,0.015927393162393163,0.01048803418803419,0.00532636802086802,New Hampshire,12.25644822250793,17.23813360170081,85.08451424845379,-53.06221933932416,43.1938516,-71.5723953
NJ,420846.9920241569,391781.0853284353,380716.9774801001,361595.3270812606,349549.4879058069,354848.0345491051,366802.3740863605,368908.89678915695,370147.75251576444,376508.5403514737,389347.7282539684,394467.3093795095,359220.29850746266,328069.6696696697,326962.15367965365,305550.6117353307,286684.9091360028,296716.9764875647,312051.6534391533,316478.08562469267,327699.08550630376,334873.84411610063,347126.23587570636,359175.05392912176,11.521478873239424,10.423611111111112,10.194103911266787,9.587273788674853,10.409819347319347,12.994997091332174,12.984147760325762,15.618713956170685,17.702677029360988,21.019158075601382,22.34317460317461,21.234598241264923,0.022433666026871392,0.028511034098151696,0.028424252544529283,0.019597439567430038,0.008597047619047622,0.007831305449936635,0.015354974651457553,0.024189378531073436,0.030919552005012486,0.0275708348909657,0.03416010267303942,0.02623427398654631,New Jersey,-6.26823599659546,-0.01259521762241556,84.30444975762491,16.941537576259226,40.0583238,-74.4056612
NM,216786.4337453482,203819.22499999998,199047.54726702507,185492.52944559467,181806.5362671239,181872.02439574312,181819.08753761015,177093.50677024285,179636.44255843954,184753.32578405022,189075.21818996413,197807.6436950146,218761.81818181818,206981.06060606064,204165.90909090915,187377.21445221442,182695.42483660133,184309.59595959593,184841.36904761908,185074.48593073594,195443.40277777778,196105.54487179487,207110.89743589744,219729.1958041958,5.162007168458776,4.744324970131416,5.105357142857136,4.562797619047608,5.586309523809519,6.231249999999993,6.217857142857136,6.834689035756644,7.57858837485174,8.745551601423495,9.175860023724809,8.308157579865766,0.006151344537815125,0.007788795518207283,0.010091875000000002,0.024163402777777784,0.029535208333333333,0.02518750000000001,0.01360076388888889,0.0073036894923258575,0.005344628099173556,0.005819903581267219,0.003959986225895318,0.0015347952667167544,New Mexico,-8.754602270281984,0.44220587962640334,60.948199193344756,-75.04943419635062,34.5199402,-105.8700901
NV,321440.86765099975,246297.39943011905,223295.2380952381,203158.48340040245,201760.42290715373,214414.43651384162,236529.6180555555,248118.77922705322,264579.0427536233,284029.57047166576,314971.38912429364,330680.68489984586,220221.6,151910.37301587305,136541.40624999997,125678.4761904762,136774.30735930733,169676.30734427614,194464.0,214772.49721526031,228564.52203269367,258868.9604377104,295045.37037037034,310817.2916666667,14.95681818181818,22.89113181504486,20.7705314009662,24.26115023474178,25.076631701631715,24.34606481481482,23.70578231292518,25.57464285714287,40.64493670886076,33.278993640104744,33.182004089979536,31.724241317646225,0.22419373831775707,0.31250940792246096,0.25280103244837754,0.2676325722425721,0.15460637254901963,0.042871805555555566,0.05252206736353078,0.043326077097505675,0.029332313432835818,0.020665008783487048,0.008341906474820141,0.017415042667164968,Nevada,2.8744998470070473,41.13842223772177,112.10554900112963,-92.23214582269819,38.8026097,-116.419389
NY,278298.55731079594,268552.7671849386,263891.1274578638,259738.73591239375,255804.06193818792,260552.21473779675,271670.38169286656,280099.1939719854,286061.26184395264,295582.1562857511,308107.50886752125,314999.33871794835,273470.07575757575,259575.55921052617,258536.3258377425,253600.81322969956,279393.1414644785,307826.1965403375,310570.90509962855,318342.92672572925,336656.70922298054,351428.2513380821,370872.37715803453,383284.862311217,5.256516368128491,4.722239368998622,5.180190274239308,4.86436045038194,5.271778042959437,6.1756609024050935,6.409271391701416,7.242737835875101,8.208927351809924,8.717367693522904,8.456633155923527,7.898246078308259,0.011726146025878001,0.015756625115420128,0.01768675840978594,0.010420210815765368,0.003593431102963645,0.0023135578979529485,0.0032458165445665445,0.005731759089985782,0.0065830517503805185,0.007221933028919335,0.005716362530413629,0.0044486117211551355,New York,13.187557191022742,40.15605226620453,50.256282396402376,-62.06245674122036,40.7127753,-74.0059728
OH,133636.92969478783,127641.59554287276,124746.58243955928,119969.7613055271,117288.57211362703,117750.37590538112,119734.69351519857,123055.84709857599,126759.54369837629,133836.7670558414,140916.20989176587,147630.46773530592,145106.06382978722,136363.8933812519,138183.7904911181,130781.53416884902,130371.74886380497,134248.09198587603,138321.93501984127,143415.56209291008,148631.39237320953,152014.1548180215,161589.4814814814,169543.21936828602,8.96979041194895,7.981746700365062,7.66868347338936,7.747716676628823,8.425849345586197,9.915544472152966,10.063330564784069,11.517962069506561,12.567061276152197,13.382092198581608,13.638920686835636,14.596615147005782,0.05159676643990928,0.05649998414208693,0.06420447817836805,0.06115921736588875,0.05295914624568018,0.07116046704154962,0.04717672440699121,0.0443126310849015,0.03591059558720841,0.03355606967464698,0.02766268169273222,0.023276558889156102,Ohio,10.471310641809719,16.840892029959655,62.730838477130476,-54.88756273852066,40.4172871,-82.90712300000001
OK,91234.20275377005,91641.62529230966,92305.83128507296,90900.6055829679,91799.83403479238,94012.01016595667,97059.87667479395,99712.92309528214,102466.1468232024,105080.47260085629,108765.57031249994,112540.39910468324,124284.61538461539,124705.59964726631,129104.09126984126,127293.25980392158,125343.64035087719,127317.02657807304,133354.85309017223,139672.8758169935,145645.07575757577,151214.0891053391,154358.4722222222,164780.9393939394,5.114102564102555,4.569845085470087,4.122863247863261,4.322382478632487,5.168002136752137,5.477831196581209,5.75880495968356,5.874334398296072,6.586528221512246,7.154970760233911,7.328271913861078,7.446600502293174,0.01728230113636363,0.015724266098484856,0.01692312973484849,0.017400165719696978,0.019650875946969695,0.022717826704545453,0.015309005918751676,0.01302523540489642,0.016739830508474583,0.016157769953051647,0.02239507089352594,0.018359795385638093,Oklahoma,23.35329920996406,32.583537297840685,45.60913491573543,6.2346688717702765,35.0077519,-97.092877
OR,277968.80847277713,253679.79697243765,239686.22417929297,223073.38590844048,221452.25546058887,235126.52647149333,250320.18160643714,263755.51518800174,286501.07762281917,303051.66033642646,320004.76766748354,331074.7983511588,264053.1746031746,236779.74962922873,227021.14718614708,207190.93834688346,212568.47826086948,234425.52749719424,247804.76530997557,265118.19529045187,293344.18328585004,317185.97337006417,339353.4435261709,353861.88204357604,7.892195121951223,7.785569105691061,7.887185725871859,7.725466342254672,8.975669099756692,10.226074614760742,10.857664233576632,13.52939983779397,14.46731969486823,14.565331715210359,14.059061488673139,13.33227358536826,0.01746872670807453,0.036471454451345815,0.03315812177502579,0.03393467492260061,0.0190407120743034,0.014140299277605779,0.017803586171310636,0.031130779153766795,0.02703713624338627,0.021155941358024698,0.01956188271604939,0.013637356868954089,Oregon,19.105017634948993,34.01159920738241,68.92985258671685,-21.93273673088878,43.8041334,-120.5542012
PA,194189.8866509018,186586.3597008266,182966.63059563903,174480.96025861375,170260.40702445115,171315.46109459735,173318.15192545753,174424.322190844,175179.23831767496,178905.0482123438,185889.69324995304,191196.27142419145,195071.62790697673,187483.9823982398,194441.45006228337,191336.74888419078,187884.1184929961,191293.24242424234,193500.92977924465,196546.2129144851,200839.39091261037,207138.88422591492,215265.8296943232,226449.21865252647,6.175979422239845,5.615376106194708,5.35314169891286,5.206813996316776,5.728326891220338,6.499724061810167,6.635531640912453,7.473952590959223,8.072373081464022,8.500687947165666,8.714713137980482,8.61128077093426,0.026560554035567747,0.029163612059158083,0.03181837767166895,0.036815184049079776,0.029348217529518564,0.03272016110732922,0.0310449625595643,0.031244510537049585,0.03247743999094203,0.028506315015829876,0.02418678531073443,0.023256891244160756,Pennsylvania,-1.541591726706154,16.085163733043064,39.43182420467332,-12.438229966825967,41.2033216,-77.1945247
RI,329324.4408670033,297156.94233378564,290077.36511437903,277716.7156862744,266938.6164215687,272297.74223856215,279519.6270424836,282854.61192810466,294556.29289215675,308268.4591503268,324422.46282679733,331355.28787878796,239850.0,194741.66666666666,209702.0833333333,198717.23356009068,205624.0326340326,213687.79761904763,221651.3888888889,226968.39826839825,239153.47826086957,266645.0,282185.5555555556,289426.3787878787,9.495890410958902,10.364155251141554,10.254566210045667,10.5216894977169,9.890410958904111,11.170091324200916,11.062785388127855,11.956621004566212,14.010273972602736,17.534477427334572,15.93506493506493,15.993118569741958,0.027520000000000006,0.04456330845771144,0.028985696517412934,0.01319365671641791,0.004518532338308457,0.0021620646766169157,0.005736567164179105,0.015515671641791044,0.018341915422885578,0.020684255533199195,0.01906654929577465,0.011376362213686157,Rhode Island,0.6166706019262097,20.669743084377203,68.42147368597277,-58.66147451422182,41.5800945,-71.4774291
SC,170175.3585506224,160558.8859330633,154760.99684633032,146826.75938609845,143731.2931625674,146112.06140304875,150634.6982821637,155673.8910116449,164018.41679610335,171550.68862773015,181361.04736467224,189245.6322196321,164828.24561403508,156301.8452380952,152028.78787878787,146480.05952380953,149688.56060606058,143289.91994412206,147909.44444444447,162577.27084509694,181128.54399372917,183993.7927911333,197886.87943262424,205253.38491295945,10.707726864330631,9.267249103942648,9.251563896336009,9.209111111111108,10.25822222222222,12.593280282935446,12.673500881834224,15.24133751691891,18.449365680615667,20.57362905866648,21.387479270315076,21.8327800930413,0.013597810457516332,0.020758957654723135,0.02053135822510823,0.020227365591397845,0.019255241935483877,0.01653849893162394,0.021314430244941427,0.01954567065956816,0.011959381383973535,0.011668953673641177,0.011769614243323446,0.009438992757160411,South Carolina,11.206248561149255,24.525614010103965,103.89743191685461,-30.584465884043055,33.836081,-81.1637245
SD,156898.70695592283,151443.44563492064,146933.06771771776,146182.5791005291,144129.3067431562,147029.15194444443,149280.72365911418,150171.4836687773,150817.42194444445,155152.63029715768,162397.0229328166,168786.34566596197,,,,,,179030.0,185233.3333333333,193196.03174603175,194346.06481481483,212909.2261904762,226201.04166666666,232561.93181818182,0.7178571428571418,0.8002645502645501,0.7625661375661382,0.8888888888888892,1.1418650793650782,1.6564153439153428,1.4712301587301575,1.2979497354497336,1.524801587301585,1.6706349206349185,1.6937830687830675,1.6250256437003412,0.010391914893617021,0.006361524822695035,0.004503546099290779,0.005205673758865248,0.006606737588652481,0.010035283687943262,0.006502127659574468,0.005656382978723404,0.0011398936170212766,0.0012888297872340423,0.004373404255319149,0.00045454545454545455,South Dakota,7.576632682752899,,126.37173146074439,-95.6259701970361,43.9695148,-99.9018131
TN,131593.6020185222,127362.25014716716,125065.34850146195,121793.27077294691,121162.54305254282,124482.43599312057,128973.50063321389,133698.52015813792,141377.9438635752,150917.89674666835,160939.59553695942,168817.1278686447,162826.72413793104,155411.0769230769,155520.62899786778,149438.87708656225,147743.81014445523,152017.22185135738,155335.51420568227,164097.2804862686,176431.75597890673,191547.12669552668,205826.61111111104,218740.15363155355,12.695010964912276,11.432431693989065,10.980936819172108,10.115212071778135,12.004924771211428,13.490906623235613,14.164902280130276,15.560356174990343,16.75418692598595,17.129237941131144,17.311623516720605,18.28929365312861,0.026363021032504753,0.030301282539682544,0.034216840607210613,0.03034496527777777,0.03080036456926815,0.01776320100819157,0.01323416824196598,0.012179537286612762,0.011966588345864667,0.02078963414634147,0.022978971232020043,0.0213073929931857,Tennessee,28.286729201989004,34.3392215188571,44.06678106602951,-19.176967742375307,35.5174913,-86.5804473
TX,146905.39624215383,143781.67742531016,142257.74238162712,138610.34612683574,139634.05023152134,147456.30037792597,157606.83300555794,167257.1049608401,176284.34312890723,185057.70865862956,194356.2420001866,202165.0509884742,179423.02083333334,176780.56337477523,180525.52128427126,176073.74245901362,181336.49694650582,192460.8780616624,203136.55593242895,215521.23182661505,224985.35659652855,238527.18943709927,251423.04364183597,262126.38909247261,12.235412147505373,11.159127843986958,10.873607573769593,10.870471446521485,12.355310369572992,14.513261648745505,15.038051808706298,16.364422930324746,17.186583200142028,17.921519708361917,18.716967764789207,17.489745948938268,0.039582176870748276,0.04461662893081757,0.051298626029359085,0.047778765682919846,0.04716229743206183,0.03360680856360463,0.023676020281530284,0.018771390736634596,0.013883622173057998,0.0121917682072829,0.009502118540289008,0.009356526734755972,Texas,37.615810010976205,46.094067458580305,42.94366007526913,-76.36176816320943,31.9685988,-99.9018131
UT,231791.7242571824,211118.045427209,199029.82239057234,187460.27594810372,187268.98258750295,206697.6294155427,214883.2070712985,222939.46686949296,237622.01866028702,254587.56670660683,277010.5524376415,295576.0340136054,220922.95454545456,209062.5,200543.64235055732,184363.48290598288,196259.6982758621,215564.6507447354,223770.2821869489,235122.64705882355,253629.56018518517,276173.082166751,305162.9870129871,328099.64580873674,10.244047619047606,9.914172783738012,9.34903449568804,9.902810457516344,11.08772786458334,12.686523437500014,12.731770833333348,14.630815018315035,16.997435897435892,18.58079847908742,18.353061868686872,17.606601458306017,0.009494329268292686,0.02639806637806637,0.027289859437751002,0.027817864271457087,0.026546577380952383,0.02841091269841271,0.023842559523809526,0.010356526854928019,0.007513372093023257,0.006993095238095239,0.0036109375,0.0016683196002230095,Utah,27.51794092771479,48.513153141463505,71.87153079578236,-82.42825213788888,39.3209801,-111.0937311
VA,255999.7862265886,240361.17784647463,236692.83594971974,230402.519028756,228276.30628308066,233481.81282172012,237326.4528446504,239143.26606751868,242362.59341611076,249300.9186621116,257042.35046543897,266200.29703451635,300374.02173913043,284089.7142857142,295145.8220276747,289890.27632886224,285197.3913649481,306871.13526570046,306084.83452640334,305992.1031120455,303736.6522366522,310073.94192799064,322153.8617886179,334251.9812761764,7.9717136150234875,7.9623525812194025,7.57318164138465,7.433488914819132,8.141858141858132,9.140734265734265,9.277680652680633,10.81064376970301,12.113143631436323,12.545489740611705,12.528745644599296,13.620586443495847,0.022558371428571432,0.037019029694264044,0.04506494326241125,0.05324217494089829,0.04521037704033448,0.038619995278564606,0.03160148725212465,0.028039735710927507,0.0377315115185707,0.030153044193699977,0.02610879172543486,0.02448323766579761,Virginia,3.9845778616780394,11.278591717385062,70.86146218081012,8.532824469714276,37.4315734,-78.6568942
VT,217501.12704088294,212238.69899626522,213421.97165300552,216194.94587026726,216710.5815656565,216755.74273989908,215585.7183782267,217010.5693415638,216684.69360511584,219704.98689913316,226766.66193853444,231897.4145712444,,,,,,,,,,,,,1.2564393939393934,1.253787878787879,1.8102904040404046,2.0277777777777777,2.545138888888889,2.831755050505049,2.858901515151516,3.1546717171717162,3.3323863636363655,3.4406565656565675,3.4491792929292915,3.0590782008395654,0.009562567567567567,0.016173986486486495,0.017709346846846847,0.016612950450450456,0.012869106606606612,0.01920195195195196,0.022433483483483497,0.022523723723723733,0.018259647147147146,0.02121276276276277,0.024750600600600615,0.018158094084344076,Vermont,6.618948474531545,,143.47200633754767,89.88722386578604,44.5588028,-72.57784149999999
WA,301549.5660235358,274495.11605876003,262043.948068283,241961.6540721285,235502.20582190217,252028.22601874502,267069.0087761674,286110.8850125012,310317.604785045,339948.75618209766,372878.54279453546,384768.8245095971,282413.4831460674,279376.6916853723,276374.10201149434,252410.64440081883,249188.82492228126,270873.0875884491,284307.1551020408,305052.8682109048,335174.4534996429,379415.89344070945,420331.20915032644,439098.6467617351,9.18409090909091,8.875509016870268,9.033449680046516,9.542915214866419,10.93162020905924,13.463437139561696,13.926182237600905,16.48056511761331,17.88031827851417,18.64142775463534,17.497998856489428,16.95108608753553,0.022404786324786322,0.05045100094764271,0.05575540156361046,0.07037223404255316,0.043784113475177244,0.03232408378541291,0.032046026722925454,0.029853590146750517,0.017864243375174334,0.013905445372303413,0.008824982602644403,0.008299518552660515,Washington,27.59720718005148,55.48076595713681,84.57010340300994,-62.95649316914578,47.7510741,-120.7401385
WI,167285.19275890646,162691.20540580477,159014.6907238519,152998.80109303835,150166.30846176384,154355.1199574607,157832.0790587068,161453.750742445,167181.78952355863,176529.49045901877,186793.08186837967,195379.23111438932,175676.4,158531.4236111111,159815.47404547402,157446.83754454163,152364.81723921243,154492.317746941,161295.0226098192,168228.07456283268,175044.03968253965,185744.53181565017,199949.1959064328,209991.24313308517,7.085468956406873,6.54194187582563,6.2130183413078095,6.086706088480078,7.303503905925366,8.398316717237401,8.471508862948548,9.06201550387597,10.002150537634412,10.63333333333334,10.46863753213366,10.553300703300708,0.048911137026239115,0.06475734936831876,0.06163151031358573,0.06942426086956525,0.06698789768432627,0.05468665074816932,0.03498873809523801,0.027469103840682785,0.018707745422979805,0.013653906987724278,0.010902916077322019,0.010200933679163148,Wisconsin,16.794097488336785,19.532984016683617,48.94286840051889,-79.1439449185352,43.7844397,-88.7878678
WV,105932.95276735241,102891.73246193462,103329.6546706715,98392.58644005844,96010.11534552842,95029.84164625852,93818.41236665662,88433.67625311213,88496.26027263212,88742.71027359359,91196.1604308391,93635.16007008859,244500.0,195358.33333333334,189866.66666666666,168075.0,197383.3333333333,164553.33333333334,145977.5,147518.37962962964,145403.33333333334,151882.73915626854,156077.94117647057,165615.40106951873,1.3696594427244617,1.3289473684210555,1.4478844169246667,1.318498452012384,1.2558049535603726,1.4941950464396312,1.3591331269349871,1.1754385964912326,1.37667698658411,1.6758231464568383,1.748454404945904,1.6283889807569907,0.004925714285714286,0.006739021164021163,0.006416666666666665,0.01784153439153439,0.006551256613756613,0.007098478835978837,0.008443187830687832,0.0045779761904761905,0.0025890873015873015,0.002197297780959198,0.005620866141732284,0.008461815199236458,West Virginia,-11.609034182471966,-32.26363964436862,18.890063468468952,71.78859163183064,38.5976262,-80.4549026
WY,199333.11069248038,197224.54793360436,205000.47206257976,210557.3166638293,219904.9590800477,224617.72290764787,229528.9325870309,236976.37731481483,243227.08454106274,243749.27504335067,251509.88982259567,261648.4639674053,177682.5,182788.3333333333,172811.66666666666,167108.3333333333,180951.38888888888,187134.72222222225,200951.38888888888,203044.44444444447,202067.85714285713,203350.52083333334,205039.58333333334,217065.2272727273,3.0339869281045773,2.6612200435729823,2.6138344226579506,2.8295206971677556,3.166666666666666,3.392156862745098,3.381263616557734,3.43954248366013,3.3093681917211324,3.937908496732029,4.511437908496732,4.529538616793518,0.007951707317073172,0.010838008130081301,0.02926524390243902,0.03200091463414635,0.028281504065040652,0.023644308943089425,0.014001016260162601,0.008858841463414632,0.012963516260162601,0.012256402439024388,0.01833485772357724,0.02617427797135114,Wyoming,31.261917831133157,22.16466296496689,49.29328056213007,229.16551034457905,43.0759678,-107.2902839
