,State,2008_Avg_ZHVI,2009_Avg_ZHVI,2010_Avg_ZHVI,2011_Avg_ZHVI,2012_Avg_ZHVI,2013_Avg_ZHVI,2014_Avg_ZHVI,2015_Avg_ZHVI,2016_Avg_ZHVI,2017_Avg_ZHVI,2018_Avg_ZHVI,2019_Avg_ZHVI,2008_Avg_MSR,2009_Avg_MSR,2010_Avg_MSR,2011_Avg_MSR,2012_Avg_MSR,2013_Avg_MSR,2014_Avg_MSR,2015_Avg_MSR,2016_Avg_MSR,2017_Avg_MSR,2018_Avg_MSR,2019_Avg_MSR,2008_Avg_NS,2009_Avg_NS,2010_Avg_NS,2011_Avg_NS,2012_Avg_NS,2013_Avg_NS,2014_Avg_NS,2015_Avg_NS,2016_Avg_NS,2017_Avg_NS,2018_Avg_NS,2019_Avg_NS,2008_Avg_FR,2009_Avg_FR,2010_Avg_FR,2011_Avg_FR,2012_Avg_FR,2013_Avg_FR,2014_Avg_FR,2015_Avg_FR,2016_Avg_FR,2017_Avg_FR,2018_Avg_FR,2019_Avg_FR,2008_Div Rate,2009_Div Rate,2010_Div Rate,2011_Div Rate,2012_Div Rate,2013_Div Rate,2014_Div Rate,2015_Div Rate,2016_Div Rate,2017_Div Rate,2018_Div Rate,2008_unemployment,2009_unemployment,2010_unemployment,2011_unemployment,2012_unemployment,2013_unemployment,2014_unemployment,2015_unemployment,2016_unemployment,2017_unemployment,2018_unemployment,2019_unemployment
0,AK,257757.73,255277.26,255265.85,252652.66,257154.49,261483.09,260587.86,263911.01,260905.36,265698.32,269695.78,274733.08,250938.89,248385.83,251926.67,247694.17,249733.33,260123.33,263983.33,265137.61,273618.45,276357.14,276275.0,303090.19,650.3,605.5,599.25,585.25,646.0,742.75,712.5,741.75,751.17,746.75,812.83,730.0,0.01,0.01,0.02,0.02,0.01,0.02,0.01,0.01,0.01,0.01,0.01,0.02,4.4,4.4,4.7,4.8,4.5,4.46,3.95,4.14,3.95,3.58,3.73,6.71,7.73,7.88,7.57,7.13,7.0,6.87,6.53,6.85,6.94,6.6,6.35
1,AL,142287.1,137912.21,132560.95,127438.05,124757.88,124216.83,123857.46,126152.31,126710.28,129905.84,135128.47,140721.54,175509.33,180547.16,173846.45,161594.15,154778.69,149313.18,160410.87,160506.19,166913.65,170838.23,182899.58,192811.42,3410.1,3007.33,3107.83,3123.25,3697.17,4138.92,4365.25,4733.42,5198.08,5539.5,5541.67,5847.13,0.02,0.02,0.03,0.02,0.02,0.04,0.04,0.04,0.03,0.02,0.02,0.02,4.3,4.4,4.4,4.3,3.6,3.68,3.79,3.85,3.78,3.66,3.71,5.72,10.99,10.54,9.62,7.98,7.22,6.76,6.08,5.85,4.43,3.94,3.37
2,AR,109428.51,105079.61,102444.35,100620.5,100541.65,101894.0,102221.95,102801.31,104403.72,106864.87,110706.67,114667.53,140252.14,138245.56,150888.75,146917.73,143810.75,150323.7,146687.82,147823.53,145568.22,153188.91,159641.19,168384.96,2566.64,2361.33,2269.67,2219.67,2229.25,2505.33,2550.33,2715.33,3190.0,3415.17,3514.08,3335.98,0.01,0.02,0.03,0.02,0.01,0.02,0.02,0.01,0.01,0.01,0.01,0.01,5.5,5.7,5.7,5.3,5.3,5.01,4.85,4.84,3.93,3.72,4.07,5.5,7.83,8.19,8.29,7.58,7.22,6.02,5.03,3.95,3.71,3.7,3.57
3,AZ,257791.88,222270.17,208525.83,192496.06,192090.26,210370.33,219667.36,224545.77,235508.49,245929.41,261890.89,275311.09,226407.79,176530.95,162135.61,145286.42,152584.8,177200.02,183870.44,196480.29,210747.54,229344.17,250549.22,266456.5,5744.4,8326.96,8450.42,9613.7,11511.43,11766.67,10911.42,11591.57,12799.58,13506.19,13396.58,13370.95,0.09,0.14,0.14,0.13,0.07,0.06,0.05,0.03,0.02,0.02,0.01,0.01,3.8,3.6,3.5,3.9,4.3,3.93,3.89,3.58,3.35,3.48,2.95,6.14,9.93,10.35,9.5,8.33,7.74,6.8,6.05,5.4,4.89,4.8,4.93
4,CA,468233.71,423004.03,422985.65,401367.36,406446.89,446805.16,476875.12,503387.1,536483.48,569431.05,615508.11,626331.29,407465.85,342550.99,347274.17,330089.65,338443.97,399430.58,446907.44,484121.26,515830.07,549819.52,606957.57,617881.88,24385.2,30754.1,29996.72,30785.04,33779.52,34533.33,32867.01,35897.05,37447.53,39109.52,36674.08,35924.91,0.2,0.24,0.21,0.21,0.15,0.07,0.04,0.03,0.02,0.01,0.01,0.01,,,,,,,,,,,,7.29,11.14,12.23,11.71,10.38,8.94,7.5,6.2,5.48,4.78,4.19,4.13
5,CO,253618.98,245395.78,241199.47,237452.88,239758.26,255112.32,270234.28,292758.44,313756.49,331518.95,355129.49,370922.92,217074.26,215294.25,224658.17,222233.38,230241.0,247694.48,262632.59,290546.98,318680.16,345185.82,375105.69,392713.48,6567.65,5614.42,5600.83,5803.33,6849.92,8216.5,8631.42,9588.44,9897.42,10182.81,9722.92,10003.75,0.1,0.11,0.09,0.08,0.08,0.05,0.03,0.02,0.01,0.01,0.0,0.0,4.3,4.3,4.3,4.4,4.3,4.07,3.87,3.73,3.57,3.19,3.27,4.85,7.3,8.73,8.36,7.89,6.85,4.99,3.84,3.22,2.7,3.25,3.09
6,CT,347249.22,323905.39,313118.01,300227.8,288950.2,293717.92,294941.32,295011.95,298319.43,301334.04,306134.33,307665.41,274524.29,307153.94,307529.17,272627.44,267464.48,269065.54,265795.92,280403.09,290060.09,287686.07,295594.05,293436.05,2501.1,2279.08,2266.08,1892.58,2083.58,2634.25,2686.33,3039.67,3106.17,3391.17,3349.75,3265.22,0.0,0.03,0.05,0.04,0.03,0.02,0.01,0.04,0.04,0.04,0.04,0.03,3.4,3.0,2.9,3.1,2.7,2.76,2.58,3.13,3.17,2.87,2.85,5.67,7.93,9.13,8.83,8.35,7.81,6.63,5.73,5.16,4.7,4.12,3.72
7,DC,483599.19,458940.07,459613.42,459278.67,467900.16,506845.48,544902.23,563037.73,584612.03,609986.67,634939.82,662305.81,377366.0,414258.33,441138.89,421514.47,423751.67,468290.28,491883.97,508345.24,548769.24,564727.73,587388.73,607160.59,339.1,356.5,397.17,370.33,390.83,495.25,604.58,620.5,639.42,820.23,777.83,783.6,0.03,0.06,0.05,0.04,0.01,0.0,0.0,0.0,0.0,0.01,0.01,0.01,2.7,2.7,2.8,2.9,2.9,2.84,2.58,2.83,2.74,2.48,2.52,6.44,9.28,9.41,10.16,9.04,8.49,7.77,6.88,6.1,6.06,5.56,5.51
8,DE,300988.79,281541.65,272534.59,256029.8,248251.03,249140.89,258817.41,263802.46,270780.88,275315.41,283876.14,290346.79,235473.33,223635.19,216040.74,217623.23,206953.87,205318.59,204143.07,233334.75,235962.11,251531.94,260473.51,268667.21,569.6,579.73,587.58,626.83,886.25,918.0,885.25,875.17,1113.52,1265.08,1242.17,1284.04,0.01,0.02,0.03,0.04,0.06,0.04,0.04,0.02,0.03,0.05,0.06,0.04,3.5,3.6,3.5,3.6,3.5,3.38,3.26,3.09,3.08,2.96,2.8,4.97,8.26,8.42,7.5,7.21,6.69,5.72,4.85,4.52,4.48,3.78,3.41
9,FL,217942.69,187828.21,176393.56,164023.68,164577.96,180208.16,196303.82,212094.35,227251.04,240771.92,254257.93,263404.08,205161.77,161831.2,149442.78,138131.35,147198.5,165782.01,179155.3,191246.95,204515.79,220785.67,238663.13,251467.67,14693.0,18099.13,21239.15,23530.78,25660.64,30761.26,33329.17,37042.41,35873.32,36988.42,39739.34,38869.23,0.03,0.05,0.07,0.06,0.05,0.04,0.05,0.04,0.02,0.01,0.01,0.01,4.3,4.2,4.4,4.5,4.2,4.11,3.97,3.96,3.87,3.61,3.62,6.3,10.39,11.03,9.99,8.48,7.23,6.28,5.44,4.82,4.2,3.56,3.35
10,GA,173790.7,161387.79,151266.06,140202.11,137011.42,143007.24,154108.98,161715.42,170212.64,178582.08,191245.73,200731.7,181430.34,166199.78,163137.73,149657.44,150479.14,162611.97,170909.82,179431.3,184237.66,195246.92,212872.42,227524.64,9630.21,7959.0,8508.08,9158.42,11413.42,12114.3,12386.86,13273.67,16751.47,16785.13,17710.61,18107.43,0.05,0.08,0.1,0.08,0.08,0.08,0.06,0.05,0.04,0.03,0.02,0.02,,,,,,,,,,3.5,2.5,6.27,9.93,10.49,10.23,9.19,8.2,7.1,5.97,5.37,4.68,3.93,3.66
11,HI,591893.61,563030.8,552678.43,525001.03,514123.56,520677.17,540035.69,559843.94,580662.9,607022.82,628989.23,639542.82,477345.0,426754.92,410633.38,397520.83,415250.36,431007.96,493740.42,518424.17,531570.06,548866.68,575292.71,589334.88,715.9,706.88,820.33,870.33,905.17,1018.5,1044.67,1119.0,1309.42,1421.03,1268.33,1259.34,0.0,0.01,0.01,0.01,0.0,0.01,0.01,0.0,0.01,0.0,0.0,0.0,,,,,,,,,,,,4.33,7.13,6.95,6.8,6.01,4.88,4.36,3.57,2.95,2.42,2.44,2.74
12,IA,133499.25,132204.31,130146.43,127232.15,127070.0,126876.38,126363.27,127200.3,130324.45,134167.88,138963.78,143739.12,143402.14,142295.81,149682.36,143173.7,146382.37,150110.49,153406.19,157980.25,161076.64,165716.36,173010.46,184307.95,2539.0,2332.03,2202.58,2254.75,2879.58,3209.25,3266.75,3474.42,3594.92,4126.63,4107.25,3747.93,0.02,0.02,0.02,0.02,0.02,0.01,0.02,0.01,0.01,0.01,0.0,0.01,2.6,2.4,2.4,2.4,2.2,1.87,1.51,1.21,1.25,1.96,2.23,4.23,6.39,6.01,5.53,5.03,4.73,4.24,3.78,3.58,3.09,2.53,2.46
13,ID,202895.82,190033.46,175826.78,160282.06,162798.42,170566.93,176951.22,185195.72,197658.51,212604.98,234064.55,254894.81,185813.0,162301.81,148427.43,135215.11,139990.93,159218.96,167056.97,179271.21,198491.48,210979.24,241613.51,268321.93,1395.3,1448.42,1528.5,1579.75,1708.83,1970.92,2122.42,2494.33,2772.5,2917.42,2914.75,2672.01,0.01,0.02,0.03,0.03,0.02,0.02,0.02,0.01,0.01,0.01,0.01,0.01,4.8,5.0,5.2,4.9,4.7,4.5,4.25,4.13,4.03,3.88,3.84,5.14,8.73,8.97,8.32,7.2,6.12,4.83,4.23,3.8,3.23,2.84,2.86
14,IL,185279.54,172871.79,166078.66,160941.3,156397.42,159461.21,164184.87,165626.16,168278.19,171897.88,176470.53,178661.3,239192.82,207701.87,199033.89,181520.69,183198.65,195746.04,204166.18,206419.14,203575.73,211393.68,225086.2,234340.33,9722.2,9316.67,9476.79,9194.41,10656.43,12028.08,13187.75,15211.27,16447.74,18000.15,16945.89,15728.27,0.01,0.02,0.02,0.02,0.03,0.06,0.04,0.03,0.02,0.02,0.02,0.02,2.5,2.5,2.6,2.6,2.4,2.27,2.21,2.2,2.2,1.87,1.51,6.31,10.2,10.37,9.69,8.99,9.04,7.1,5.96,5.81,4.91,4.28,4.17
15,IN,119905.88,116068.62,114085.42,111627.88,111895.56,113663.26,116166.64,120847.97,123874.73,129804.64,137879.8,145414.45,130080.83,125270.54,127509.99,130485.08,130026.26,135119.56,132705.56,138675.71,145964.39,151250.81,161891.48,171686.65,5589.97,5270.08,5070.83,5088.08,5724.45,6421.58,6940.58,7780.58,8446.39,10034.04,10107.83,9966.23,0.08,0.07,0.07,0.07,0.06,0.06,0.04,0.03,0.03,0.02,0.02,0.02,,,,,,,,,,,,5.92,10.29,10.34,9.11,8.35,7.63,5.96,4.83,4.43,3.54,3.45,3.42
16,KS,145180.18,141794.8,139609.49,135899.15,135413.36,137087.7,138301.53,139853.44,139656.04,141219.93,147326.24,152710.35,182593.12,180479.74,176744.3,180178.64,175999.15,174759.68,174818.62,179780.49,187209.31,194241.99,206730.07,216106.1,1925.6,1844.33,1690.27,1646.75,1868.67,2093.25,2143.67,2418.58,2818.34,3113.5,3210.25,3002.15,0.02,0.03,0.03,0.04,0.04,0.03,0.03,0.02,0.02,0.02,0.01,0.01,3.5,3.6,3.7,3.9,3.4,2.97,2.97,2.82,2.69,2.38,2.31,4.63,6.87,7.06,6.49,5.73,5.31,4.53,4.15,4.03,3.66,3.35,3.33
17,KY,126432.44,119893.0,114740.42,107916.67,102289.7,102090.49,100119.52,102113.23,104387.59,105538.71,110499.48,114688.08,149807.14,142029.3,143928.52,139834.62,142534.09,142874.85,146822.67,155805.88,160637.85,165876.99,176596.1,183893.01,3293.4,3286.67,3286.17,3077.42,3413.83,3987.17,3769.25,3981.25,4680.22,5088.39,5123.58,4952.32,0.0,0.0,0.0,0.0,0.0,0.0,0.01,0.0,0.0,0.0,0.0,0.0,4.6,4.6,4.5,4.4,4.1,4.16,3.85,3.7,3.79,3.73,3.54,6.47,10.33,10.17,9.38,8.17,8.02,6.46,5.28,5.14,4.91,4.34,4.2
18,LA,151377.55,149277.61,147012.81,142501.38,143311.61,144643.28,146715.99,151109.71,155370.54,156814.54,160139.4,162072.74,170312.4,169201.88,167733.97,167226.01,163371.0,174319.15,178101.04,180022.07,186749.22,191239.69,198612.85,200545.6,2752.27,2507.33,2456.67,2609.67,2910.33,3418.08,3710.42,3817.5,4212.82,4477.65,4171.35,4057.35,0.01,0.01,0.01,0.02,0.03,0.02,0.02,0.01,0.01,0.01,0.02,0.02,,,,,,2.17,2.25,2.77,2.04,1.92,1.74,4.93,6.83,7.95,7.83,7.09,6.68,6.37,6.32,6.07,5.13,4.88,4.53
19,MA,386248.0,364574.6,365931.21,354749.99,349036.32,366042.82,385413.36,403680.0,414750.04,430517.71,451397.3,459662.33,298460.79,287422.52,298359.66,291525.97,283353.18,300397.24,303114.44,323230.27,343965.48,374434.85,398465.34,415184.07,5074.3,4778.58,4781.75,4638.29,4685.25,5721.42,5512.25,6052.33,6315.58,6806.58,6674.75,6750.96,0.01,0.01,0.01,0.01,0.01,0.01,0.01,0.02,0.03,0.03,0.03,0.02,2.0,2.2,2.5,2.7,2.7,2.63,2.68,2.55,2.29,2.17,2.12,5.55,8.1,8.29,7.24,6.66,6.72,5.75,4.8,3.88,3.76,3.35,2.95
20,MD,353503.66,319818.08,303927.05,293501.67,286751.73,295964.02,304431.46,305692.8,308861.77,318140.82,328420.79,333409.11,299833.58,286404.64,267065.67,251133.14,254384.35,262966.76,278678.22,287628.61,293758.44,306694.3,319086.75,325038.86,3891.95,3654.0,4387.28,4399.15,4275.94,5008.92,5067.0,6057.33,7035.01,7966.42,8017.08,8342.49,0.0,0.0,0.0,0.01,0.03,0.04,0.06,0.09,0.05,0.05,0.04,0.04,2.8,2.8,2.8,2.9,2.8,2.53,2.54,2.6,2.69,2.54,2.4,4.25,7.02,7.65,7.25,6.97,6.57,5.82,5.08,4.44,4.24,3.93,3.74
21,ME,234211.15,220898.42,217096.71,207235.43,210055.88,209956.08,209074.63,205497.56,203788.39,209451.04,217686.24,224447.95,174866.67,166663.89,172523.61,165771.53,182132.65,178613.96,177990.62,200243.4,207820.83,226401.35,242917.78,255077.03,877.1,838.67,766.33,766.75,868.83,1092.25,1142.17,1273.75,1465.5,1570.33,1488.0,1382.39,0.0,0.0,0.0,0.01,0.01,0.0,0.01,0.01,0.01,0.01,0.01,0.01,4.2,4.1,4.2,4.2,3.9,3.97,3.58,3.43,3.43,3.23,3.2,5.52,8.08,8.13,7.89,7.47,6.65,5.61,4.38,3.78,3.4,3.38,3.15
22,MI,154287.39,139393.42,132359.9,128268.68,128637.14,136598.95,145025.84,150434.15,155806.27,164150.67,174242.34,182050.85,143890.19,122205.63,121018.15,119928.41,127771.31,142027.84,152420.31,160269.11,166099.15,177985.54,191082.16,202776.71,8877.0,9627.15,9628.89,10054.42,11536.0,12896.87,11941.21,13303.94,14938.5,15759.75,15745.64,15304.1,0.1,0.12,0.11,0.1,0.08,0.06,0.04,0.03,0.02,0.02,0.02,0.01,3.4,3.3,3.5,3.4,3.3,3.26,3.0,3.05,2.91,2.85,2.84,8.04,13.61,12.58,10.39,9.13,8.78,7.23,5.41,5.0,4.59,4.13,4.12
23,MN,196946.74,182382.09,175702.99,166277.28,164081.88,173239.85,181563.74,184394.7,190877.03,201408.65,212736.32,220761.75,205932.27,185231.02,183742.96,166902.08,170398.9,183267.78,195831.72,205301.64,211613.18,231530.12,247404.2,259514.33,5315.5,5466.0,4751.17,5084.4,6057.55,6867.75,6446.72,7272.12,7742.17,8184.84,8066.35,8136.35,0.02,0.02,0.03,0.04,0.05,0.05,0.03,0.02,0.01,0.01,0.01,0.01,,,,,,,,,,,,5.44,7.77,7.39,6.49,5.61,4.96,4.16,3.68,3.87,3.41,2.91,3.24
24,MO,142049.41,135569.68,132161.6,125656.78,122425.33,122294.55,123881.16,127014.49,131050.98,135672.39,142524.55,148446.71,163125.32,159075.53,157634.22,152665.98,151383.78,152252.84,159056.04,162951.71,169935.01,180896.24,190683.33,201568.22,5621.2,5209.75,4831.33,4670.33,5190.42,5760.92,5714.46,6559.67,7484.92,8297.21,8703.08,8203.61,0.04,0.04,0.04,0.05,0.06,0.05,0.03,0.02,0.02,0.01,0.01,0.01,3.7,3.8,3.9,3.9,3.7,3.42,3.28,3.18,3.28,3.14,3.04,6.18,9.26,9.58,8.49,6.98,6.73,6.13,4.98,4.58,3.76,3.18,3.22
25,MS,118782.22,115242.92,112245.33,109144.04,107339.9,104701.82,103602.25,104237.24,107527.82,110019.21,113577.32,117658.76,147286.0,142475.4,142766.88,129781.25,127164.81,132650.76,138436.57,144002.68,150490.0,156940.99,162837.3,171661.77,1114.3,1101.58,1144.08,1138.0,1164.17,1305.33,1343.75,1476.07,1750.17,1842.43,1702.75,1629.19,0.01,0.02,0.02,0.02,0.02,0.02,0.01,0.01,0.01,0.0,0.01,0.0,4.3,4.1,4.3,4.0,4.0,3.59,3.37,3.37,3.2,2.9,2.72,6.6,9.48,10.36,9.98,9.0,8.53,7.49,6.38,5.83,5.1,4.77,5.1
26,MT,249085.83,229901.18,217305.68,210999.2,210743.83,216490.37,225810.41,227911.8,229226.8,238157.76,250403.04,262202.53,193270.0,181242.77,186728.7,183056.48,181479.17,186048.55,201419.05,227881.69,237785.85,255013.43,276405.56,293626.41,747.2,706.08,693.42,692.25,838.83,945.92,942.75,1115.92,1176.08,1214.0,1245.25,1274.78,0.01,0.01,0.03,0.02,0.03,0.02,0.01,0.01,0.01,0.01,0.01,0.0,4.1,4.0,3.9,4.0,3.9,3.39,3.45,3.43,3.1,3.11,3.03,5.11,6.84,7.3,6.94,5.98,5.41,4.66,4.19,4.13,3.94,3.72,3.54
27,NC,182419.45,173986.06,166381.11,158529.71,154408.42,155094.55,158913.15,161927.15,167188.15,174604.25,184608.71,193065.42,173105.95,167357.17,178284.82,165778.63,170336.35,174680.44,177461.74,185765.7,191298.15,200076.16,215811.15,227340.66,8090.85,7143.02,7058.83,6808.0,7713.67,9538.05,10040.75,10910.38,13055.02,14986.92,15164.49,16074.38,0.05,0.06,0.08,0.07,0.07,0.06,0.06,0.04,0.03,0.02,0.02,0.01,3.8,3.8,3.8,3.7,3.7,3.43,3.4,3.08,3.25,3.11,3.08,6.13,10.58,10.82,10.27,9.29,7.96,6.32,5.72,5.08,4.48,3.89,4.03
28,ND,134917.45,134971.88,134141.33,131628.87,137667.47,152007.81,155455.86,156547.14,161123.08,161621.09,163702.76,166723.48,158636.0,160435.0,159603.33,166367.59,192223.03,205441.67,220154.55,235670.37,233064.58,232470.83,232097.22,231134.58,497.4,492.17,495.25,455.08,576.67,579.42,577.42,533.33,567.08,600.33,606.75,598.56,0.01,0.01,0.02,0.01,0.01,0.01,0.01,0.01,0.01,0.01,0.01,0.02,2.9,2.8,3.1,2.7,3.1,2.94,2.83,2.84,2.59,2.49,2.56,3.19,4.1,3.78,3.47,3.07,2.92,2.67,2.79,3.09,2.67,2.63,2.4
29,NE,134447.0,133258.08,132069.1,128367.34,127995.44,130834.79,132531.23,134705.21,137373.73,142928.25,151398.25,158770.78,136374.81,133968.98,133083.61,134277.18,137831.95,144413.94,146436.49,154448.41,165584.78,170639.64,181409.35,194931.36,1521.7,1619.5,1416.75,1412.5,1582.42,1731.92,1771.83,1976.25,2104.33,2192.5,2238.25,2120.28,0.01,0.01,0.02,0.02,0.02,0.02,0.01,0.01,0.01,0.01,0.0,0.0,3.3,3.4,3.6,3.5,3.4,3.28,3.05,3.18,3.14,3.02,2.95,3.34,4.64,4.63,4.39,4.02,3.77,3.27,2.99,3.07,2.88,2.79,2.98
30,NH,257838.88,240007.57,233480.33,229944.47,223986.51,230441.83,237634.44,244674.07,252459.55,264382.57,279610.3,289440.77,250793.33,221176.65,227383.33,221909.17,229158.76,233935.26,231655.3,240888.33,243677.85,264679.7,278960.06,294025.42,985.2,1060.75,1078.42,1056.25,997.83,1282.17,1322.08,1481.08,1668.92,2008.75,1880.08,1838.71,0.01,0.01,0.01,0.0,0.0,0.0,0.0,0.01,0.01,0.02,0.01,0.01,3.9,3.7,3.8,3.8,3.6,3.73,3.54,3.33,3.38,3.11,3.09,3.87,6.23,5.83,5.41,5.48,5.08,4.28,3.36,2.87,2.73,2.53,2.47
31,NJ,420846.99,391781.09,380716.98,361595.33,349549.49,354848.03,366802.37,368908.9,370147.75,376508.54,389347.73,394467.31,359220.3,328069.67,326962.15,305550.61,286684.91,296716.98,312051.65,316478.09,327699.09,334873.84,347126.24,359175.05,6544.2,5941.46,5820.83,5474.33,5954.42,7446.13,7439.92,9027.62,10249.85,12233.15,13070.76,12422.24,0.02,0.03,0.03,0.02,0.01,0.01,0.02,0.02,0.03,0.03,0.03,0.03,3.0,2.7,3.0,2.9,2.8,2.79,2.78,2.82,2.67,2.6,2.75,5.36,9.03,9.53,9.34,9.33,8.24,6.74,5.78,4.98,4.62,4.14,3.59
32,NM,216786.43,203819.22,199047.55,185492.53,181806.54,181872.02,181819.09,177093.51,179636.44,184753.33,189075.22,197807.64,218761.82,206981.06,204165.91,187377.21,182695.42,184309.6,184841.37,185074.49,195443.4,196105.54,207110.9,219729.2,1440.2,1323.67,1429.5,1277.58,1564.17,1744.75,1741.0,1920.55,2129.58,2457.5,2578.42,2334.59,0.01,0.01,0.01,0.02,0.03,0.03,0.01,0.01,0.01,0.01,0.0,0.0,4.1,3.9,4.0,3.3,3.0,3.44,3.55,3.29,,,,4.48,7.51,8.1,7.52,7.12,6.94,6.68,6.51,6.62,5.85,4.94,4.95
33,NV,321440.87,246297.4,223295.24,203158.48,201760.42,214414.44,236529.62,248118.78,264579.04,284029.57,314971.39,330680.68,220221.6,151910.37,136541.41,125678.48,136774.31,169676.31,194464.0,214772.5,228564.52,258868.96,295045.37,310817.29,1974.3,3158.98,2866.33,3445.08,3585.96,3505.83,3484.75,3836.2,6421.9,5391.2,5408.67,5171.05,0.22,0.31,0.25,0.27,0.15,0.04,0.05,0.04,0.03,0.02,0.01,0.02,6.4,6.6,5.9,5.6,5.5,5.12,5.33,4.64,4.29,4.46,4.38,6.71,11.3,13.5,13.02,11.19,9.63,7.92,6.76,5.73,5.05,4.56,4.12
34,NY,278298.56,268552.77,263891.13,259738.74,255804.06,260552.21,271670.38,280099.19,286061.26,295582.16,308107.51,314999.34,273470.08,259575.56,258536.33,253600.81,279393.14,307826.2,310570.91,318342.93,336656.71,351428.25,370872.38,383284.86,8510.3,7650.03,8661.28,8142.94,8835.5,10356.58,10761.17,12189.53,13840.25,14714.92,14300.17,13340.14,0.01,0.02,0.02,0.01,0.0,0.0,0.0,0.01,0.01,0.01,0.01,0.0,2.8,2.6,2.9,2.9,2.9,2.74,2.84,2.71,2.68,2.68,2.78,5.46,8.32,8.59,8.3,8.52,7.71,6.33,5.26,4.85,4.68,4.11,3.95
35,OH,133636.93,127641.6,124746.58,119969.76,117288.57,117750.38,119734.69,123055.85,126759.54,133836.77,140916.21,147630.47,145106.06,136363.89,138183.79,130781.53,130371.75,134248.09,138321.94,143415.56,148631.39,152014.15,161589.48,169543.22,10638.17,9474.33,9125.73,9258.52,10085.74,11928.4,12116.25,13982.81,15344.38,16352.92,16680.4,17749.48,0.05,0.06,0.06,0.06,0.05,0.07,0.05,0.04,0.04,0.03,0.03,0.02,3.3,3.3,3.4,3.4,3.4,3.29,3.17,3.07,3.03,2.92,2.91,6.48,10.29,10.24,8.85,7.41,7.43,5.8,4.91,5.04,4.97,4.58,4.25
36,OK,91234.2,91641.63,92305.83,90900.61,91799.83,94012.01,97059.88,99712.92,102466.15,105080.47,108765.57,112540.4,124284.62,124705.6,129104.09,127293.26,125343.64,127317.03,133354.85,139672.88,145645.08,151214.09,154358.47,164780.94,3191.2,2851.58,2572.67,2697.17,3224.83,3418.17,3605.01,3677.33,4123.17,4486.17,4602.15,4676.47,0.02,0.02,0.02,0.02,0.02,0.02,0.02,0.01,0.02,0.02,0.02,0.02,5.3,4.8,5.2,5.2,4.8,4.5,4.54,4.37,4.37,4.07,3.77,3.77,6.38,6.78,5.88,5.27,5.28,4.51,4.39,4.81,4.24,3.38,3.25
37,OR,277968.81,253679.8,239686.22,223073.39,221452.26,235126.53,250320.18,263755.52,286501.08,303051.66,320004.77,331074.8,264053.17,236779.75,227021.15,207190.94,212568.48,234425.53,247804.77,265118.2,293344.18,317185.97,339353.44,353861.88,3235.8,3192.08,3241.63,3175.17,3689.0,4202.92,4462.5,5560.58,5960.54,6000.92,5792.33,5492.9,0.02,0.04,0.03,0.03,0.02,0.01,0.02,0.03,0.03,0.02,0.02,0.01,3.9,3.9,4.0,3.8,3.8,3.62,3.43,3.42,3.36,3.38,3.37,6.57,11.26,10.61,9.5,8.83,7.88,6.77,5.58,4.81,4.12,4.13,4.15
38,PA,194189.89,186586.36,182966.63,174480.96,170260.41,171315.46,173318.15,174424.32,175179.24,178905.05,185889.69,191196.27,195071.63,187483.98,194441.45,191336.75,187884.12,191293.24,193500.93,196546.21,200839.39,207138.88,215265.83,226449.22,11147.64,10152.6,9683.83,9424.33,10374.0,11777.5,12023.58,13557.75,14651.36,15445.75,15843.35,15655.31,0.03,0.03,0.03,0.04,0.03,0.03,0.03,0.03,0.03,0.03,0.02,0.02,2.7,2.7,2.7,2.8,2.8,2.68,2.66,2.62,2.64,2.56,2.61,5.32,8.05,8.43,7.93,7.83,7.34,5.88,5.28,5.39,4.88,4.29,3.97
39,RI,329324.44,297156.94,290077.37,277716.72,266938.62,272297.74,279519.63,282854.61,294556.29,308268.46,324422.46,331355.29,239850.0,194741.67,209702.08,198717.23,205624.03,213687.8,221651.39,226968.4,239153.48,266645.0,282185.56,289426.38,693.2,756.58,748.58,768.08,722.0,815.42,807.58,872.83,1022.75,1350.15,1227.0,1231.47,0.03,0.04,0.03,0.01,0.0,0.0,0.01,0.02,0.02,0.02,0.02,0.01,2.7,3.0,3.2,3.2,3.2,3.15,2.84,2.99,2.84,2.89,2.91,7.81,10.98,11.2,11.03,10.39,9.27,7.69,6.0,5.19,4.42,4.06,3.67
40,SC,170175.36,160558.89,154761.0,146826.76,143731.29,146112.06,150634.7,155673.89,164018.42,171550.69,181361.05,189245.63,164828.25,156301.85,152028.79,146480.06,149688.56,143289.92,147909.44,162577.27,181128.54,183993.79,197886.88,205253.38,3972.57,3447.42,3450.83,3453.42,3846.83,4747.67,4790.58,5898.4,7305.95,8250.03,8597.77,8776.78,0.01,0.02,0.02,0.02,0.02,0.02,0.02,0.02,0.01,0.01,0.01,0.01,2.8,3.0,3.1,3.2,3.2,3.19,2.93,2.77,2.52,2.62,2.53,6.85,11.23,11.13,10.54,9.2,7.62,6.46,5.97,5.03,4.27,3.41,3.14
41,SD,156898.71,151443.45,146933.07,146182.58,144129.31,147029.15,149280.72,150171.48,150817.42,155152.63,162397.02,168786.35,,,,,,179030.0,185233.33,193196.03,194346.06,212909.23,226201.04,232561.93,180.9,201.67,192.17,224.0,287.75,417.42,370.75,327.08,384.25,421.0,426.83,404.63,0.01,0.01,0.0,0.01,0.01,0.01,0.01,0.01,0.0,0.0,0.0,0.0,3.1,3.3,3.4,3.3,3.0,2.9,2.78,2.62,2.78,2.69,2.57,3.1,4.93,4.98,4.73,4.27,3.78,3.41,3.1,2.98,3.18,3.01,2.92
42,TN,131593.6,127362.25,125065.35,121793.27,121162.54,124482.44,128973.5,133698.52,141377.94,150917.9,160939.6,168817.13,162826.72,155411.08,155520.63,149438.88,147743.81,152017.22,155335.51,164097.28,176431.76,191547.13,205826.61,218740.15,7718.57,6973.78,6720.33,6200.62,7371.02,8283.42,8697.25,9569.62,10337.33,10585.87,10698.58,11302.78,0.03,0.03,0.03,0.03,0.03,0.02,0.01,0.01,0.01,0.02,0.02,0.02,4.2,3.9,4.2,4.3,4.2,4.13,3.8,3.69,3.76,3.55,3.51,6.63,10.46,9.63,8.97,7.83,7.73,6.6,5.6,4.73,3.75,3.49,3.34
43,TX,146905.4,143781.68,142257.74,138610.35,139634.05,147456.3,157606.83,167257.1,176284.34,185057.71,194356.24,202165.05,179423.02,176780.56,180525.52,176073.74,181336.5,192460.88,203136.56,215521.23,224985.36,238527.19,251423.04,262126.39,22562.1,20599.75,20127.05,20186.47,22956.17,26994.67,28030.93,30666.93,32259.22,33710.38,35225.33,32915.7,0.04,0.04,0.05,0.05,0.05,0.03,0.02,0.02,0.01,0.01,0.01,0.01,3.3,3.3,3.3,3.2,3.0,2.89,2.7,2.59,2.6,2.25,2.58,4.83,7.57,8.13,7.76,6.74,6.25,5.12,4.43,4.63,4.33,3.85,3.55
44,UT,231791.72,211118.05,199029.82,187460.28,187268.98,206697.63,214883.21,222939.47,237622.02,254587.57,277010.55,295576.03,220922.95,209062.5,200543.64,184363.48,196259.7,215564.65,223770.28,235122.65,253629.56,276173.08,305162.99,328099.65,2581.5,2508.29,2374.65,2525.22,2838.46,3247.75,3259.33,3804.01,4419.33,4886.75,4845.21,4648.14,0.01,0.03,0.03,0.03,0.03,0.03,0.02,0.01,0.01,0.01,0.0,0.0,3.8,3.7,3.7,3.7,3.3,3.1,3.08,3.56,3.59,3.44,3.77,3.58,7.32,7.83,6.75,5.4,4.59,3.82,3.6,3.43,3.26,3.13,2.81
45,VA,255999.79,240361.18,236692.84,230402.52,228276.31,233481.81,237326.45,239143.27,242362.59,249300.92,257042.35,266200.3,300374.02,284089.71,295145.82,289890.28,285197.39,306871.14,306084.83,305992.1,303736.65,310073.94,322153.86,334251.98,6791.9,6815.77,6490.22,6370.5,6985.71,7842.75,7960.25,9307.96,10429.42,10801.67,10787.25,11727.32,0.02,0.04,0.05,0.05,0.05,0.04,0.03,0.03,0.04,0.03,0.03,0.02,3.8,3.7,3.8,3.8,3.7,3.56,3.48,3.3,3.37,3.04,3.08,3.96,6.68,7.13,6.59,6.06,5.7,5.23,4.46,4.1,3.7,2.98,2.82
46,VT,217501.13,212238.7,213421.97,216194.95,216710.58,216755.74,215585.72,217010.57,216684.69,219704.99,226766.66,231897.41,,,,,,,,,,,,,331.7,331.0,477.92,535.33,671.92,747.58,754.75,832.83,879.75,908.33,910.58,807.6,0.01,0.02,0.02,0.02,0.01,0.02,0.02,0.02,0.02,0.02,0.02,0.02,3.6,3.5,3.8,3.6,3.5,3.55,3.46,3.08,3.1,2.92,3.08,4.71,6.57,6.08,5.47,4.93,4.41,3.93,3.57,3.23,2.98,2.66,2.23
47,WA,301549.57,274495.12,262043.95,241961.65,235502.21,252028.23,267069.01,286110.89,310317.6,339948.76,372878.54,384768.82,282413.48,279376.69,276374.1,252410.64,249188.82,270873.09,284307.16,305052.87,335174.45,379415.89,420331.21,439098.65,5253.3,5085.67,5176.17,5477.63,6274.75,7781.87,8049.33,9575.21,10406.35,10867.95,10201.33,9882.48,0.02,0.05,0.06,0.07,0.04,0.03,0.03,0.03,0.02,0.01,0.01,0.01,3.9,3.9,4.2,4.1,3.9,3.82,3.65,3.38,3.48,3.41,3.3,5.41,9.12,9.99,9.28,8.11,7.03,6.13,5.64,5.28,4.71,4.48,4.56
48,WI,167285.19,162691.21,159014.69,152998.8,150166.31,154355.12,157832.08,161453.75,167181.79,176529.49,186793.08,195379.23,175676.4,158531.42,159815.47,157446.84,152364.82,154492.32,161295.02,168228.07,175044.04,185744.53,199949.2,209991.24,5363.7,4952.25,4721.89,4631.98,5579.88,6458.31,6531.53,7014.0,7751.67,8262.1,8144.6,8199.91,0.05,0.06,0.06,0.07,0.07,0.05,0.03,0.03,0.02,0.01,0.01,0.01,3.0,2.9,3.0,2.9,2.9,2.78,2.66,2.6,2.6,2.43,2.46,4.93,8.58,8.64,7.76,7.03,6.7,5.4,4.53,4.02,3.27,3.0,3.02
49,WV,105932.95,102891.73,103329.65,98392.59,96010.12,95029.84,93818.41,88433.68,88496.26,88742.71,91196.16,93635.16,244500.0,195358.33,189866.67,168075.0,197383.33,164553.33,145977.5,147518.38,145403.33,151882.74,156077.94,165615.4,884.8,858.5,935.33,851.75,811.25,965.25,878.0,759.33,889.33,1084.26,1131.25,1048.68,0.0,0.01,0.01,0.02,0.01,0.01,0.01,0.0,0.0,0.0,0.01,0.01,4.8,5.1,5.1,5.2,4.7,4.59,4.2,3.98,3.76,3.48,3.25,4.37,7.71,8.63,8.06,7.49,6.79,6.63,6.74,6.08,5.19,5.23,4.87
50,WY,199333.11,197224.55,205000.47,210557.32,219904.96,224617.72,229528.93,236976.38,243227.08,243749.28,251509.89,261648.46,177682.5,182788.33,172811.67,167108.33,180951.39,187134.72,200951.39,203044.44,202067.86,203350.52,205039.58,217065.23,464.2,407.17,399.92,432.92,484.5,519.0,517.33,526.25,506.33,602.5,690.25,693.02,0.01,0.01,0.03,0.03,0.03,0.02,0.01,0.01,0.01,0.01,0.02,0.03,4.9,5.1,5.1,4.8,4.4,4.26,4.6,4.15,4.2,3.96,3.75,3.07,6.33,6.45,5.79,5.31,4.72,4.13,4.33,5.33,4.18,4.08,3.71
