,State,2008_Avg_ZHVI,2009_Avg_ZHVI,2010_Avg_ZHVI,2011_Avg_ZHVI,2012_Avg_ZHVI,2013_Avg_ZHVI,2014_Avg_ZHVI,2015_Avg_ZHVI,2016_Avg_ZHVI,2017_Avg_ZHVI,2018_Avg_ZHVI,2019_Avg_ZHVI,2008_Avg_MSR,2009_Avg_MSR,2010_Avg_MSR,2011_Avg_MSR,2012_Avg_MSR,2013_Avg_MSR,2014_Avg_MSR,2015_Avg_MSR,2016_Avg_MSR,2017_Avg_MSR,2018_Avg_MSR,2019_Avg_MSR,2008_Avg_NS,2009_Avg_NS,2010_Avg_NS,2011_Avg_NS,2012_Avg_NS,2013_Avg_NS,2014_Avg_NS,2015_Avg_NS,2016_Avg_NS,2017_Avg_NS,2018_Avg_NS,2019_Avg_NS,2008_Avg_FR,2009_Avg_FR,2010_Avg_FR,2011_Avg_FR,2012_Avg_FR,2013_Avg_FR,2014_Avg_FR,2015_Avg_FR,2016_Avg_FR,2017_Avg_FR,2018_Avg_FR,2019_Avg_FR,2008_Div Rate,2009_Div Rate,2010_Div Rate,2011_Div Rate,2012_Div Rate,2013_Div Rate,2014_Div Rate,2015_Div Rate,2016_Div Rate,2017_Div Rate,2018_Div Rate,2008_unemployment,2009_unemployment,2010_unemployment,2011_unemployment,2012_unemployment,2013_unemployment,2014_unemployment,2015_unemployment,2016_unemployment,2017_unemployment,2018_unemployment,2019_unemployment,2008_studentLoan,2009_studentLoan,2010_studentLoan,2011_studentLoan,2012_studentLoan,2013_studentLoan,2014_studentLoan,2015_studentLoan,2016_studentLoan,2017_studentLoan,2018_studentLoan,2008_totalLoan,2009_totalLoan,2010_totalLoan,2011_totalLoan,2012_totalLoan,2013_totalLoan,2014_totalLoan,2015_totalLoan,2016_totalLoan,2017_totalLoan,2018_totalLoan,2008_income,2009_income,2010_income,2011_income,2012_income,2013_income,2014_income,2015_income,2016_income,2017_income,2018_income
0,AK,257757.73,255277.26,255265.85,252652.66,257154.49,261483.09,260587.86,263911.01,260905.36,265698.32,269695.78,274733.08,250938.89,248385.83,251926.67,247694.17,249733.33,260123.33,263983.33,265137.61,273618.45,276357.14,276275.0,303090.19,6503.0,7266.0,7191.0,7023.0,7752.0,8913.0,8550.0,8901.0,9014.0,8961.0,9754.0,7701.0,0.01,0.01,0.02,0.02,0.01,0.02,0.01,0.01,0.01,0.01,0.01,0.02,4.4,4.4,4.7,4.8,4.5,4.46,3.95,4.14,3.95,3.58,3.73,6.71,7.73,7.88,7.57,7.13,7.0,6.87,6.53,6.85,6.94,6.6,6.35,2530,2850,3140,3390,3680,3630,3640,3610,3660,3740,4030,54110,53140,52730,48440,54740,54000,54330,56050,57040,57850,58550,44476.0,39980.0,40933.0,42590.0,43464.0,41381.0,42278.0,44509.0,47221.0,51113.0,63179
1,AL,142287.1,137912.21,132560.95,127438.05,124757.88,124216.83,123857.46,126152.31,126710.28,129905.84,135128.47,140721.54,175509.33,180547.16,173846.45,161594.15,154778.69,149313.18,160410.87,160506.19,166913.65,170838.23,182899.58,192811.42,34101.0,36088.0,37294.0,37479.0,44366.0,49667.0,52383.0,56801.0,62377.0,66474.0,66500.0,59971.0,0.02,0.02,0.03,0.02,0.02,0.04,0.04,0.04,0.03,0.02,0.02,0.02,4.3,4.4,4.4,4.3,3.6,3.68,3.79,3.85,3.78,3.66,3.71,5.72,10.99,10.54,9.62,7.98,7.22,6.76,6.08,5.85,4.43,3.94,3.37,2160,2470,2790,2990,3370,3620,3980,4180,4390,4610,4920,35540,34180,33590,34390,34370,33380,33760,34210,34780,36060,36780,63989.0,61604.0,57848.0,57431.0,63648.0,61137.0,67629.0,75112.0,75723.0,72231.0,49936
2,AR,109428.51,105079.61,102444.35,100620.5,100541.65,101894.0,102221.95,102801.31,104403.72,106864.87,110706.67,114667.53,140252.14,138245.56,150888.75,146917.73,143810.75,150323.7,146687.82,147823.53,145568.22,153188.91,159641.19,168384.96,25666.0,28336.0,27236.0,26636.0,26751.0,30064.0,30604.0,32584.0,38042.0,40982.0,42169.0,33943.0,0.01,0.02,0.03,0.02,0.01,0.02,0.02,0.01,0.01,0.01,0.01,0.01,5.5,5.7,5.7,5.3,5.3,5.01,4.85,4.84,3.93,3.72,4.07,5.5,7.83,8.19,8.29,7.58,7.22,6.02,5.03,3.95,3.71,3.7,3.57,1990,2260,2620,2840,3190,3440,3720,3830,4100,4170,4330,28940,27990,27470,28910,29480,29030,29430,30020,30820,32220,32790,46914.0,45739.0,46896.0,48621.0,47044.0,50602.0,49254.0,52248.0,57100.0,61125.0,68734
3,AZ,257791.88,222270.17,208525.83,192496.06,192090.26,210370.33,219667.36,224545.77,235508.49,245929.41,261890.89,275311.09,226407.79,176530.95,162135.61,145286.42,152584.8,177200.02,183870.44,196480.29,210747.54,229344.17,250549.22,266456.5,57444.0,93253.0,101148.0,114903.0,136840.0,140444.0,129636.0,138726.0,152005.0,160464.0,160531.0,144441.0,0.09,0.14,0.14,0.13,0.07,0.06,0.05,0.03,0.02,0.02,0.01,0.01,3.8,3.6,3.5,3.9,4.3,3.93,3.89,3.58,3.35,3.48,2.95,6.14,9.93,10.35,9.5,8.33,7.74,6.8,6.05,5.4,4.89,4.8,4.93,2500,2890,3220,3420,3890,4030,4310,4470,4690,4890,5170,65870,60200,54320,52210,48890,46950,47230,47630,48590,51300,53060,39586.0,36538.0,38587.0,41302.0,39018.0,39919.0,44922.0,42798.0,45907.0,48829.0,62283
4,CA,468233.71,423004.03,422985.65,401367.36,406446.89,446805.16,476875.12,503387.1,536483.48,569431.05,615508.11,626331.29,407465.85,342550.99,347274.17,330089.65,338443.97,399430.58,446907.44,484121.26,515830.07,549819.52,606957.57,617881.88,243852.0,338220.0,353344.0,365570.0,402313.0,412998.0,392782.0,426647.0,446536.0,466419.0,438444.0,378925.0,0.2,0.24,0.21,0.21,0.15,0.07,0.04,0.03,0.02,0.01,0.01,0.01,3.73,3.71,3.8,3.76,3.6,3.44,3.33,3.25,3.16,3.04,2.99,7.29,11.14,12.23,11.71,10.38,8.94,7.5,6.2,5.48,4.78,4.19,4.13,2350,2650,2960,3140,3510,3720,3890,4010,4190,4330,4530,86940,81410,74960,72320,68970,65440,66140,65740,66970,70100,71860,57014.0,56134.0,54283.0,53367.0,57020.0,57528.0,60487.0,63636.0,66637.0,69759.0,49781
5,CO,253618.98,245395.78,241199.47,237452.88,239758.26,255112.32,270234.28,292758.44,313756.49,331518.95,355129.49,370922.92,217074.26,215294.25,224658.17,222233.38,230241.0,247694.48,262632.59,290546.98,318680.16,345185.82,375105.69,392713.48,64445.0,66767.0,66370.0,69087.0,82199.0,98598.0,103577.0,114572.0,118204.0,121363.0,116675.0,103810.0,0.1,0.11,0.09,0.08,0.08,0.05,0.03,0.02,0.01,0.01,0.0,0.0,4.3,4.3,4.3,4.4,4.3,4.07,3.87,3.73,3.57,3.19,3.27,4.85,7.3,8.73,8.36,7.89,6.85,4.99,3.84,3.22,2.7,3.25,3.09,3240,3630,4000,4280,4720,4910,5150,5300,5630,5840,6180,68830,65490,61640,62390,60830,59870,60900,62200,64090,68450,71340,60943.0,55930.0,60233.0,58629.0,57255.0,63371.0,60940.0,66596.0,70566.0,74172.0,70489
6,CT,347249.22,323905.39,313118.01,300227.8,288950.2,293717.92,294941.32,295011.95,298319.43,301334.04,306134.33,307665.41,274524.29,307153.94,307529.17,272627.44,267464.48,269065.54,265795.92,280403.09,290060.09,287686.07,295594.05,293436.05,25011.0,27349.0,26895.0,22711.0,25003.0,31611.0,32236.0,36476.0,37274.0,40694.0,40197.0,32149.0,0.0,0.03,0.05,0.04,0.03,0.02,0.01,0.04,0.04,0.04,0.04,0.03,3.4,3.0,2.9,3.1,2.7,2.76,2.58,3.13,3.17,2.87,2.85,5.67,7.93,9.13,8.83,8.35,7.81,6.63,5.73,5.16,4.7,4.12,3.72,2950,3250,3660,3890,4170,4600,4760,5060,5470,5660,5890,63090,61760,60570,61540,60690,58940,58170,57300,58100,58860,59330,64682.0,64851.0,65998.0,65415.0,64247.0,67781.0,70161.0,72889.0,75923.0,72780.0,73034
7,DC,483599.19,458940.07,459613.42,459278.67,467900.16,506845.48,544902.23,563037.73,584612.03,609986.67,634939.82,662305.81,377366.0,414258.33,441138.89,421514.47,423751.67,468290.28,491883.97,508345.24,548769.24,564727.73,587388.73,607160.59,3391.0,4278.0,4766.0,4444.0,4690.0,5943.0,6790.0,7446.0,7673.0,8813.0,9334.0,7830.0,0.03,0.06,0.05,0.04,0.01,0.0,0.0,0.0,0.0,0.01,0.01,0.01,2.7,2.7,2.8,2.9,2.9,2.84,2.58,2.83,2.74,2.48,2.52,6.44,9.28,9.41,10.16,9.04,8.49,7.77,6.88,6.1,6.06,5.56,5.51,7420,7920,8700,9640,10670,10880,11260,11780,12200,12380,13320,76420,76020,75070,79070,78710,78440,79530,79700,81200,84380,86730,50702.0,52114.0,55214.0,54660.0,48972.0,52219.0,57522.0,57756.0,58046.0,62318.0,72812
8,DE,300988.79,281541.65,272534.59,256029.8,248251.03,249140.89,258817.41,263802.46,270780.88,275315.41,283876.14,290346.79,235473.33,223635.19,216040.74,217623.23,206953.87,205318.59,204143.07,233334.75,235962.11,251531.94,260473.51,268667.21,5696.0,6883.0,6865.0,7522.0,10635.0,11016.0,10623.0,10502.0,13243.0,15181.0,14906.0,13106.0,0.01,0.02,0.03,0.04,0.06,0.04,0.04,0.02,0.03,0.05,0.06,0.04,3.5,3.6,3.5,3.6,3.5,3.38,3.26,3.09,3.08,2.96,2.8,4.97,8.26,8.42,7.5,7.21,6.69,5.72,4.85,4.52,4.48,3.78,3.41,2570,2900,3340,3630,4090,4370,4600,4880,5290,5590,6040,54020,52500,51690,52240,52200,49820,50430,50870,51110,53390,54200,55590.0,53141.0,56928.0,55251.0,65246.0,60675.0,68277.0,70071.0,70982.0,83382.0,65012
9,FL,217942.69,187828.21,176393.56,164023.68,164577.96,180208.16,196303.82,212094.35,227251.04,240771.92,254257.93,263404.08,205161.77,161831.2,149442.78,138131.35,147198.5,165782.01,179155.3,191246.95,204515.79,220785.67,238663.13,251467.67,146930.0,214837.0,245755.0,279041.0,306262.0,367201.0,396153.0,440508.0,429149.0,441476.0,472563.0,391230.0,0.03,0.05,0.07,0.06,0.05,0.04,0.05,0.04,0.02,0.01,0.01,0.01,4.3,4.2,4.4,4.5,4.2,4.11,3.97,3.96,3.87,3.61,3.62,6.3,10.39,11.03,9.99,8.48,7.23,6.28,5.44,4.82,4.2,3.56,3.35,2260,2590,2940,3210,3630,3840,4090,4220,4480,4690,4940,56510,52510,47960,46980,44840,41170,40780,40600,41710,43400,45300,44857.0,45631.0,44066.0,45105.0,46071.0,47886.0,46140.0,48825.0,51176.0,53681.0,85750
10,GA,173790.7,161387.79,151266.06,140202.11,137011.42,143007.24,154108.98,161715.42,170212.64,178582.08,191245.73,200731.7,181430.34,166199.78,163137.73,149657.44,150479.14,162611.97,170909.82,179431.3,184237.66,195246.92,212872.42,227524.64,95783.0,95508.0,99919.0,109901.0,136744.0,144638.0,147852.0,158669.0,196614.0,197506.0,211131.0,179345.0,0.05,0.08,0.1,0.08,0.08,0.08,0.06,0.05,0.04,0.03,0.02,0.02,3.73,3.71,3.8,3.76,3.6,3.44,3.33,3.25,3.16,3.5,2.5,6.27,9.93,10.49,10.23,9.19,8.2,7.1,5.97,5.37,4.68,3.93,3.66,2900,3330,3830,4210,4770,5140,5640,5870,6340,6750,7250,51030,47960,45650,45900,44960,42850,43140,43430,44670,46730,48370,46227.0,43340.0,44117.0,45973.0,48121.0,47439.0,49555.0,50768.0,53527.0,57016.0,54644
11,HI,591893.61,563030.8,552678.43,525001.03,514123.56,520677.17,540035.69,559843.94,580662.9,607022.82,628989.23,639542.82,477345.0,426754.92,410633.38,397520.83,415250.36,431007.96,493740.42,518424.17,531570.06,548866.68,575292.71,589334.88,7159.0,8407.0,9844.0,9982.0,10862.0,12222.0,12536.0,13428.0,15272.0,16949.0,15220.0,13535.0,0.0,0.01,0.01,0.01,0.0,0.01,0.01,0.0,0.01,0.0,0.0,0.0,3.73,3.71,3.8,3.76,3.6,3.44,3.33,3.25,3.16,3.04,2.99,4.33,7.13,6.95,6.8,6.01,4.88,4.36,3.57,2.95,2.42,2.44,2.74,1800,2020,2270,2350,2690,2920,3010,3150,3240,3530,3780,68610,68320,66130,66540,65930,64670,65590,67010,68500,71170,72590,61521.0,55649.0,59539.0,59047.0,56263.0,61408.0,71223.0,64514.0,72133.0,73575.0,55821
12,IA,133499.25,132204.31,130146.43,127232.15,127070.0,126876.38,126363.27,127200.3,130324.45,134167.88,138963.78,143739.12,143402.14,142295.81,149682.36,143173.7,146382.37,150110.49,153406.19,157980.25,161076.64,165716.36,173010.46,184307.95,25390.0,27927.0,26145.0,27057.0,34555.0,38511.0,39201.0,41693.0,42741.0,49385.0,49287.0,38065.0,0.02,0.02,0.02,0.02,0.02,0.01,0.02,0.01,0.01,0.01,0.0,0.01,2.6,2.4,2.4,2.4,2.2,1.87,1.51,1.21,1.25,1.96,2.23,4.23,6.39,6.01,5.53,5.03,4.73,4.24,3.78,3.58,3.09,2.53,2.46,3260,3570,3880,4170,4490,4710,4810,4900,5120,5150,5300,34610,34270,33660,36240,37350,35870,36430,37180,38010,38920,40110,47420.0,46778.0,47050.0,47459.0,47922.0,51767.0,53438.0,51624.0,56564.0,60208.0,80108
13,ID,202895.82,190033.46,175826.78,160282.06,162798.42,170566.93,176951.22,185195.72,197658.51,212604.98,234064.55,254894.81,185813.0,162301.81,148427.43,135215.11,139990.93,159218.96,167056.97,179271.21,198491.48,210979.24,241613.51,268321.93,13953.0,17381.0,18342.0,18957.0,20506.0,23651.0,25312.0,29932.0,33270.0,35009.0,34977.0,27445.0,0.01,0.02,0.03,0.03,0.02,0.02,0.02,0.01,0.01,0.01,0.01,0.01,4.8,5.0,5.2,4.9,4.7,4.5,4.25,4.13,4.03,3.88,3.84,5.14,8.73,8.97,8.32,7.2,6.12,4.83,4.23,3.8,3.23,2.84,2.86,2400,2840,3160,3340,3920,4260,4360,4560,4690,4720,5050,47870,45980,43350,43910,43150,41800,42310,43190,44130,46270,48260,53254.0,52870.0,50728.0,50637.0,51738.0,57196.0,54916.0,60413.0,61386.0,64609.0,58728
14,IL,185279.54,172871.79,166078.66,160941.3,156397.42,159461.21,164184.87,165626.16,168278.19,171897.88,176470.53,178661.3,239192.82,207701.87,199033.89,181520.69,183198.65,195746.04,204166.18,206419.14,203575.73,211393.68,225086.2,234340.33,97222.0,110843.0,111187.0,110023.0,127198.0,144337.0,156040.0,178276.0,196339.0,210359.0,201944.0,167431.0,0.01,0.02,0.02,0.02,0.03,0.06,0.04,0.03,0.02,0.02,0.02,0.02,2.5,2.5,2.6,2.6,2.4,2.27,2.21,2.2,2.2,1.87,1.51,6.31,10.2,10.37,9.69,8.99,9.04,7.1,5.96,5.81,4.91,4.28,4.17,2950,3310,3720,4030,4400,4700,4950,5100,5400,5590,5800,51750,49200,46640,47690,46670,44500,44350,44220,44800,45670,46810,46520.0,44305.0,46139.0,44445.0,46158.0,50553.0,48060.0,51983.0,56094.0,58873.0,70145
15,IN,119905.88,116068.62,114085.42,111627.88,111895.56,113663.26,116166.64,120847.97,123874.73,129804.64,137879.8,145414.45,130080.83,125270.54,127509.99,130485.08,130026.26,135119.56,132705.56,138675.71,145964.39,151250.81,161891.48,171686.65,55573.0,63241.0,60850.0,61057.0,68265.0,77059.0,82765.0,91136.0,100651.0,114987.0,121294.0,101363.0,0.08,0.07,0.07,0.07,0.06,0.06,0.04,0.03,0.03,0.02,0.02,0.02,3.73,3.71,3.8,3.76,3.6,3.44,3.33,3.25,3.16,3.04,2.99,5.92,10.29,10.34,9.11,8.35,7.63,5.96,4.83,4.43,3.54,3.45,3.42,2680,3030,3490,3790,4070,4300,4540,4700,4900,5060,5300,36570,34970,34010,35240,35220,34360,34610,35330,35850,37210,37750,50142.0,50721.0,49016.0,50219.0,53442.0,54855.0,57810.0,60855.0,59094.0,63481.0,59892
16,KS,145180.18,141794.8,139609.49,135899.15,135413.36,137087.7,138301.53,139853.44,139656.04,141219.93,147326.24,152710.35,182593.12,180479.74,176744.3,180178.64,175999.15,174759.68,174818.62,179780.49,187209.31,194241.99,206730.07,216106.1,19256.0,22132.0,20118.0,19761.0,22424.0,25119.0,25724.0,29023.0,33416.0,36823.0,38523.0,30040.0,0.02,0.03,0.03,0.04,0.04,0.03,0.03,0.02,0.02,0.02,0.01,0.01,3.5,3.6,3.7,3.9,3.4,2.97,2.97,2.82,2.69,2.38,2.31,4.63,6.87,7.06,6.49,5.73,5.31,4.53,4.15,4.03,3.66,3.35,3.33,3060,3320,3630,3920,4380,4540,4840,4950,5160,5300,5480,35100,34460,33310,35060,35440,34810,35080,35820,36260,37320,38120,47877.0,44717.0,46054.0,46147.0,50003.0,51485.0,53444.0,54865.0,56810.0,57872.0,68718
17,KY,126432.44,119893.0,114740.42,107916.67,102289.7,102090.49,100119.52,102113.23,104387.59,105538.71,110499.48,114688.08,149807.14,142029.3,143928.52,139834.62,142534.09,142874.85,146822.67,155805.88,160637.85,165876.99,176596.1,183893.01,32934.0,38762.0,39251.0,36929.0,40966.0,47846.0,45231.0,47343.0,55848.0,60630.0,61205.0,51440.0,0.0,0.0,0.0,0.0,0.0,0.0,0.01,0.0,0.0,0.0,0.0,0.0,4.6,4.6,4.5,4.4,4.1,4.16,3.85,3.7,3.79,3.73,3.54,6.47,10.33,10.17,9.38,8.17,8.02,6.46,5.28,5.14,4.91,4.34,4.2,2180,2500,2850,3080,3500,3670,3940,4170,4390,4640,4870,31940,31080,30560,31520,31790,30880,31360,31940,32390,33660,34010,41148.0,42664.0,41104.0,39856.0,41086.0,42158.0,42786.0,42387.0,45369.0,51348.0,63938
18,LA,151377.55,149277.61,147012.81,142501.38,143311.61,144643.28,146715.99,151109.71,155370.54,156814.54,160139.4,162072.74,170312.4,169201.88,167733.97,167226.01,163371.0,174319.15,178101.04,180022.07,186749.22,191239.69,198612.85,200545.6,26152.0,30088.0,29438.0,31126.0,34264.0,40365.0,44198.0,45602.0,50071.0,53298.0,49240.0,40102.0,0.01,0.01,0.01,0.02,0.03,0.02,0.02,0.01,0.01,0.01,0.02,0.02,3.73,3.71,3.8,3.76,3.6,2.17,2.25,2.77,2.04,1.92,1.74,4.93,6.83,7.95,7.83,7.09,6.68,6.37,6.32,6.07,5.13,4.88,4.53,2560,2910,3130,3390,3750,4030,4340,4500,4810,5020,5360,31580,31370,30980,32240,32760,32560,33490,34560,35220,36720,38160,39563.0,45433.0,39300.0,40658.0,39085.0,39622.0,42406.0,45922.0,42196.0,43903.0,54555
19,MA,386248.0,364574.6,365931.21,354749.99,349036.32,366042.82,385413.36,403680.0,414750.04,430517.71,451397.3,459662.33,298460.79,287422.52,298359.66,291525.97,283353.18,300397.24,303114.44,323230.27,343965.48,374434.85,398465.34,415184.07,50743.0,57343.0,57381.0,54636.0,56113.0,68657.0,66147.0,72628.0,75477.0,81679.0,80097.0,67690.0,0.01,0.01,0.01,0.01,0.01,0.01,0.01,0.02,0.03,0.03,0.03,0.02,2.0,2.2,2.5,2.7,2.7,2.63,2.68,2.55,2.29,2.17,2.12,5.55,8.1,8.29,7.24,6.66,6.72,5.75,4.8,3.88,3.76,3.35,2.95,3600,3900,4380,4580,4860,5170,5310,5630,5830,5980,6140,62180,60100,58430,59730,59400,58940,58940,59820,60770,63070,64680,47228.0,47502.0,47931.0,49693.0,49158.0,50121.0,51710.0,50756.0,50856.0,51664.0,49973
20,MD,353503.66,319818.08,303927.05,293501.67,286751.73,295964.02,304431.46,305692.8,308861.77,318140.82,328420.79,333409.11,299833.58,286404.64,267065.67,251133.14,254384.35,262966.76,278678.22,287628.61,293758.44,306694.3,319086.75,325038.86,38063.0,42812.0,47482.0,48923.0,51172.0,60107.0,59850.0,71294.0,83273.0,93154.0,95285.0,83439.0,0.0,0.0,0.0,0.01,0.03,0.04,0.06,0.09,0.05,0.05,0.04,0.04,2.8,2.8,2.8,2.9,2.8,2.53,2.54,2.6,2.69,2.54,2.4,4.25,7.02,7.65,7.25,6.97,6.57,5.82,5.08,4.44,4.24,3.93,3.74,3060,3520,4040,4270,4730,5110,5480,5670,6010,6260,6740,73490,71170,68410,69640,69060,66970,67480,67020,67530,70010,71120,63711.0,64186.0,64201.0,68876.0,71836.0,65262.0,76165.0,73594.0,73760.0,81084.0,58663
21,ME,234211.15,220898.42,217096.71,207235.43,210055.88,209956.08,209074.63,205497.56,203788.39,209451.04,217686.24,224447.95,174866.67,166663.89,172523.61,165771.53,182132.65,178613.96,177990.62,200243.4,207820.83,226401.35,242917.78,255077.03,8771.0,10064.0,9196.0,9201.0,10426.0,13107.0,13706.0,15285.0,17586.0,18844.0,17856.0,13595.0,0.0,0.0,0.0,0.01,0.01,0.0,0.01,0.01,0.01,0.01,0.01,0.01,4.2,4.1,4.2,4.2,3.9,3.97,3.58,3.43,3.43,3.23,3.2,5.52,8.08,8.13,7.89,7.47,6.65,5.61,4.38,3.78,3.4,3.38,3.15,3050,3360,3600,3720,3970,4210,4450,4760,5050,5270,5340,40840,39990,39090,40730,40580,39600,39790,40010,41310,42080,42230,60320.0,59373.0,60934.0,63313.0,63656.0,62963.0,63151.0,67861.0,72266.0,73227.0,86223
22,MI,154287.39,139393.42,132359.9,128268.68,128637.14,136598.95,145025.84,150434.15,155806.27,164150.67,174242.34,182050.85,143890.19,122205.63,121018.15,119928.41,127771.31,142027.84,152420.31,160269.11,166099.15,177985.54,191082.16,202776.71,88770.0,114359.0,114722.0,119497.0,138374.0,154037.0,143187.0,156943.0,178114.0,187650.0,187590.0,155253.0,0.1,0.12,0.11,0.1,0.08,0.06,0.04,0.03,0.02,0.02,0.02,0.01,3.4,3.3,3.5,3.4,3.3,3.26,3.0,3.05,2.91,2.85,2.84,8.04,13.61,12.58,10.39,9.13,8.78,7.23,5.41,5.0,4.59,4.13,4.12,2700,3120,3500,3800,4240,4540,4840,4940,5280,5490,5800,41420,38660,36200,36940,35970,34570,34700,35280,36320,37640,37590,49788.0,45994.0,46276.0,48879.0,50015.0,48801.0,52005.0,54203.0,57091.0,57700.0,86345
23,MN,196946.74,182382.09,175702.99,166277.28,164081.88,173239.85,181563.74,184394.7,190877.03,201408.65,212736.32,220761.75,205932.27,185231.02,183742.96,166902.08,170398.9,183267.78,195831.72,205301.64,211613.18,231530.12,247404.2,259514.33,53155.0,65592.0,56989.0,60975.0,72602.0,81797.0,77303.0,86846.0,92906.0,97052.0,96364.0,85550.0,0.02,0.02,0.03,0.04,0.05,0.05,0.03,0.02,0.01,0.01,0.01,0.01,3.73,3.71,3.8,3.76,3.6,3.44,3.33,3.25,3.16,3.04,2.99,5.44,7.77,7.39,6.49,5.61,4.96,4.16,3.68,3.87,3.41,2.91,3.24,3330,3730,4200,4600,5020,5310,5550,5730,5980,6100,6280,55930,53660,50840,52110,51310,50470,50660,51110,51850,53260,54190,54925.0,56090.0,52321.0,57820.0,61795.0,60907.0,67244.0,68730.0,70218.0,71920.0,60449
24,MO,142049.41,135569.68,132161.6,125656.78,122425.33,122294.55,123881.16,127014.49,131050.98,135672.39,142524.55,148446.71,163125.32,159075.53,157634.22,152665.98,151383.78,152252.84,159056.04,162951.71,169935.01,180896.24,190683.33,201568.22,56212.0,62517.0,57976.0,56044.0,62285.0,69131.0,68410.0,77975.0,89819.0,98538.0,103912.0,85640.0,0.04,0.04,0.04,0.05,0.06,0.05,0.03,0.02,0.02,0.01,0.01,0.01,3.7,3.8,3.9,3.9,3.7,3.42,3.28,3.18,3.28,3.14,3.04,6.18,9.26,9.58,8.49,6.98,6.73,6.13,4.98,4.58,3.76,3.18,3.22,2700,3110,3470,3760,4180,4370,4620,4760,5000,5140,5270,37640,36400,34820,36450,36410,35550,35890,36510,37170,38420,39060,36446.0,35078.0,38160.0,41090.0,36641.0,40850.0,35521.0,40037.0,41099.0,43441.0,71817
25,MS,118782.22,115242.92,112245.33,109144.04,107339.9,104701.82,103602.25,104237.24,107527.82,110019.21,113577.32,117658.76,147286.0,142475.4,142766.88,129781.25,127164.81,132650.76,138436.57,144002.68,150490.0,156940.99,162837.3,171661.77,11143.0,13219.0,13624.0,13656.0,13970.0,15664.0,16125.0,17405.0,21002.0,21667.0,20433.0,15929.0,0.01,0.02,0.02,0.02,0.02,0.02,0.01,0.01,0.01,0.0,0.01,0.0,4.3,4.1,4.3,4.0,4.0,3.59,3.37,3.37,3.2,2.9,2.72,6.6,9.48,10.36,9.98,9.0,8.53,7.49,6.38,5.83,5.1,4.77,5.1,2390,2820,3150,3560,4130,4250,4630,4880,5210,5510,5870,26890,26370,25660,27050,27680,27070,27710,28650,29430,30920,32100,46038.0,48769.0,45817.0,45774.0,49764.0,50311.0,56630.0,59196.0,55016.0,56885.0,42781
26,MT,249085.83,229901.18,217305.68,210999.2,210743.83,216490.37,225810.41,227911.8,229226.8,238157.76,250403.04,262202.53,193270.0,181242.77,186728.7,183056.48,181479.17,186048.55,201419.05,227881.69,237785.85,255013.43,276405.56,293626.41,7472.0,8473.0,8321.0,8307.0,10066.0,11351.0,11313.0,13391.0,14113.0,14568.0,14943.0,12699.0,0.01,0.01,0.03,0.02,0.03,0.02,0.01,0.01,0.01,0.01,0.01,0.0,4.1,4.0,3.9,4.0,3.9,3.39,3.45,3.43,3.1,3.11,3.03,5.11,6.84,7.3,6.94,5.98,5.41,4.66,4.19,4.13,3.94,3.72,3.54,2680,2950,3210,3420,3750,3840,4090,4080,4000,4360,4670,40030,39380,38090,39510,39880,39460,40820,40360,42240,44200,44960,42900.0,40437.0,41280.0,40277.0,45088.0,44132.0,51102.0,51395.0,57075.0,59087.0,61726
27,NC,182419.45,173986.06,166381.11,158529.71,154408.42,155094.55,158913.15,161927.15,167188.15,174604.25,184608.71,193065.42,173105.95,167357.17,178284.82,165778.63,170336.35,174680.44,177461.74,185765.7,191298.15,200076.16,215811.15,227340.66,79878.0,85285.0,84427.0,81131.0,92039.0,114129.0,120489.0,130531.0,155296.0,178138.0,180159.0,166419.0,0.05,0.06,0.08,0.07,0.07,0.06,0.06,0.04,0.03,0.02,0.02,0.01,3.8,3.8,3.8,3.7,3.7,3.43,3.4,3.08,3.25,3.11,3.08,6.13,10.58,10.82,10.27,9.29,7.96,6.32,5.72,5.08,4.48,3.89,4.03,2140,2480,2800,3050,3420,3750,4010,4280,4650,4950,5240,44720,43650,42530,43340,42950,41540,41720,41880,42840,44780,45840,50728.0,49595.0,52504.0,55616.0,52196.0,53774.0,56870.0,60474.0,59374.0,59619.0,57679
28,ND,134917.45,134971.88,134141.33,131628.87,137667.47,152007.81,155455.86,156547.14,161123.08,161621.09,163702.76,166723.48,158636.0,160435.0,159603.33,166367.59,192223.03,205441.67,220154.55,235670.37,233064.58,232470.83,232097.22,231134.58,4974.0,5536.0,5943.0,5461.0,6920.0,6953.0,6929.0,6400.0,6805.0,7204.0,7281.0,5612.0,0.01,0.01,0.02,0.01,0.01,0.01,0.01,0.01,0.01,0.01,0.01,0.02,2.9,2.8,3.1,2.7,3.1,2.94,2.83,2.84,2.59,2.49,2.56,3.19,4.1,3.78,3.47,3.07,2.92,2.67,2.79,3.09,2.67,2.63,2.4,3260,3600,3870,4150,4670,4770,4870,5040,4910,5240,5510,30210,30280,30380,32610,34980,36320,38040,39510,40660,42230,44140,54744.0,51434.0,51200.0,47043.0,47333.0,45369.0,49875.0,52008.0,55431.0,56550.0,67575
29,NE,134447.0,133258.08,132069.1,128367.34,127995.44,130834.79,132531.23,134705.21,137373.73,142928.25,151398.25,158770.78,136374.81,133968.98,133083.61,134277.18,137831.95,144413.94,146436.49,154448.41,165584.78,170639.64,181409.35,194931.36,15217.0,19434.0,17001.0,16950.0,18989.0,20783.0,21262.0,23715.0,25252.0,26310.0,26859.0,21811.0,0.01,0.01,0.02,0.02,0.02,0.02,0.01,0.01,0.01,0.01,0.0,0.0,3.3,3.4,3.6,3.5,3.4,3.28,3.05,3.18,3.14,3.02,2.95,3.34,4.64,4.63,4.39,4.02,3.77,3.27,2.99,3.07,2.88,2.79,2.98,3090,3290,3750,3890,4200,4300,4510,4710,4850,5000,5080,34610,34300,32010,35840,36360,35170,35620,36820,37720,39400,40310,66176.0,64131.0,66633.0,65880.0,67819.0,71322.0,73397.0,75675.0,76260.0,74801.0,61864
30,NH,257838.88,240007.57,233480.33,229944.47,223986.51,230441.83,237634.44,244674.07,252459.55,264382.57,279610.3,289440.77,250793.33,221176.65,227383.33,221909.17,229158.76,233935.26,231655.3,240888.33,243677.85,264679.7,278960.06,294025.42,9852.0,12729.0,12941.0,12675.0,11974.0,15386.0,15865.0,17773.0,20027.0,23690.0,22561.0,18266.0,0.01,0.01,0.01,0.0,0.0,0.0,0.0,0.01,0.01,0.02,0.01,0.01,3.9,3.7,3.8,3.8,3.6,3.73,3.54,3.33,3.38,3.11,3.09,3.87,6.23,5.83,5.41,5.48,5.08,4.28,3.36,2.87,2.73,2.53,2.47,3460,3730,3980,4370,4630,4860,5000,5260,5580,5900,5860,56160,54280,52150,53330,52970,51880,51690,52270,53510,54570,55650,65306.0,64777.0,62968.0,62338.0,66692.0,61782.0,65243.0,68357.0,68468.0,72997.0,81346
31,NJ,420846.99,391781.09,380716.98,361595.33,349549.49,354848.03,366802.37,368908.9,370147.75,376508.54,389347.73,394467.31,359220.3,328069.67,326962.15,305550.61,286684.91,296716.98,312051.65,316478.09,327699.09,334873.84,347126.24,359175.05,65442.0,70581.0,69662.0,65692.0,71216.0,89201.0,89279.0,105863.0,122469.0,145095.0,155909.0,127241.0,0.02,0.03,0.03,0.02,0.01,0.01,0.02,0.02,0.03,0.03,0.03,0.03,3.0,2.7,3.0,2.9,2.8,2.79,2.78,2.82,2.67,2.6,2.75,5.36,9.03,9.53,9.34,9.33,8.24,6.74,5.78,4.98,4.62,4.14,3.59,2950,3300,3680,3980,4330,4710,4970,5200,5530,5720,6090,63620,62190,60790,61700,60600,57880,57600,55800,56420,57830,58590,42102.0,43542.0,45134.0,41982.0,43424.0,42127.0,46686.0,45119.0,48451.0,47855.0,74176
32,NM,216786.43,203819.22,199047.55,185492.53,181806.54,181872.02,181819.09,177093.51,179636.44,184753.33,189075.22,197807.64,218761.82,206981.06,204165.91,187377.21,182695.42,184309.6,184841.37,185074.49,195443.4,196105.54,207110.9,219729.2,14402.0,15884.0,16832.0,15331.0,18770.0,20937.0,20892.0,22653.0,25555.0,29490.0,30941.0,23175.0,0.01,0.01,0.01,0.02,0.03,0.03,0.01,0.01,0.01,0.01,0.0,0.0,4.1,3.9,4.0,3.3,3.0,3.44,3.55,3.29,3.16,3.04,2.99,4.48,7.51,8.1,7.52,7.12,6.94,6.68,6.51,6.62,5.85,4.94,4.95,2190,2440,2720,3010,3360,3490,3550,3620,3760,3810,4070,41910,40200,39060,39530,39470,37670,37920,37990,38250,38680,39650,50461.0,50216.0,49781.0,50636.0,47680.0,53843.0,54310.0,58005.0,61437.0,62447.0,48283
33,NV,321440.87,246297.4,223295.24,203158.48,201760.42,214414.44,236529.62,248118.78,264579.04,284029.57,314971.39,330680.68,220221.6,151910.37,136541.41,125678.48,136774.31,169676.31,194464.0,214772.5,228564.52,258868.96,295045.37,310817.29,19743.0,35090.0,34396.0,39936.0,42751.0,41387.0,40961.0,45118.0,71633.0,62163.0,64578.0,56190.0,0.22,0.31,0.25,0.27,0.15,0.04,0.05,0.04,0.03,0.02,0.01,0.02,6.4,6.6,5.9,5.6,5.5,5.12,5.33,4.64,4.29,4.46,4.38,6.71,11.3,13.5,13.02,11.19,9.63,7.92,6.76,5.73,5.05,4.56,4.12,1860,2080,2290,2460,2850,2960,3180,3430,3620,3790,4170,73720,65340,57640,53370,50090,45270,45180,46260,47670,50320,52770,42930.0,41906.0,43830.0,45206.0,41553.0,41208.0,46784.0,50797.0,53764.0,50343.0,67274
34,NY,278298.56,268552.77,263891.13,259738.74,255804.06,260552.21,271670.38,280099.19,286061.26,295582.16,308107.51,314999.34,273470.08,259575.56,258536.33,253600.81,279393.14,307826.2,310570.91,318342.93,336656.71,351428.25,370872.38,383284.86,85007.0,91787.0,96711.0,97576.0,104727.0,124123.0,128574.0,145278.0,165057.0,176425.0,170945.0,134680.0,0.01,0.02,0.02,0.01,0.0,0.0,0.0,0.01,0.01,0.01,0.01,0.0,2.8,2.6,2.9,2.9,2.9,2.74,2.84,2.71,2.68,2.68,2.78,5.46,8.32,8.59,8.3,8.52,7.71,6.33,5.26,4.85,4.68,4.11,3.95,3450,3820,4200,4440,4770,5060,5190,5330,5550,5810,6090,49530,48710,47720,48990,48900,47360,47220,46930,47760,49030,49680,49631.0,50075.0,51006.0,56361.0,55766.0,52888.0,60730.0,57415.0,60184.0,59886.0,53369
35,OH,133636.93,127641.6,124746.58,119969.76,117288.57,117750.38,119734.69,123055.85,126759.54,133836.77,140916.21,147630.47,145106.06,136363.89,138183.79,130781.53,130371.75,134248.09,138321.94,143415.56,148631.39,152014.15,161589.48,169543.22,105766.0,113577.0,109093.0,110281.0,120907.0,142243.0,144721.0,165876.0,182092.0,195962.0,199791.0,181593.0,0.05,0.06,0.06,0.06,0.05,0.07,0.05,0.04,0.04,0.03,0.03,0.02,3.3,3.3,3.4,3.4,3.4,3.29,3.17,3.07,3.03,2.92,2.91,6.48,10.29,10.24,8.85,7.41,7.43,5.8,4.91,5.04,4.97,4.58,4.25,3060,3490,3940,4220,4640,5000,5320,5510,5780,5980,6220,37940,36620,35290,36280,35970,34760,35160,35740,36100,37160,37990,46934.0,45879.0,45886.0,44648.0,44375.0,46398.0,49644.0,53301.0,53985.0,59768.0,66505
36,OK,91234.2,91641.63,92305.83,90900.61,91799.83,94012.01,97059.88,99712.92,102466.15,105080.47,108765.57,112540.4,124284.62,124705.6,129104.09,127293.26,125343.64,127317.03,133354.85,139672.88,145645.08,151214.09,154358.47,164780.94,31912.0,34219.0,30872.0,32366.0,38698.0,41018.0,42418.0,44128.0,49478.0,53424.0,54543.0,48803.0,0.02,0.02,0.02,0.02,0.02,0.02,0.02,0.01,0.02,0.02,0.02,0.02,5.3,4.8,5.2,5.2,4.8,4.5,4.54,4.37,4.37,4.07,3.77,3.77,6.38,6.78,5.88,5.27,5.28,4.51,4.39,4.81,4.24,3.38,3.25,2400,2700,2940,3210,3580,3730,3840,3940,4100,4300,4540,29560,29060,28940,30400,31210,30350,31090,31930,32520,33890,34370,46111.0,45878.0,43103.0,48455.0,48407.0,43777.0,47199.0,47077.0,50943.0,55006.0,61633
37,OR,277968.81,253679.8,239686.22,223073.39,221452.26,235126.53,250320.18,263755.52,286501.08,303051.66,320004.77,331074.8,264053.17,236779.75,227021.15,207190.94,212568.48,234425.53,247804.77,265118.2,293344.18,317185.97,339353.44,353861.88,32358.0,38305.0,38733.0,38102.0,44268.0,50435.0,53550.0,66727.0,70990.0,72011.0,69508.0,57577.0,0.02,0.04,0.03,0.03,0.02,0.01,0.02,0.03,0.03,0.02,0.02,0.01,3.9,3.9,4.0,3.8,3.8,3.62,3.43,3.42,3.36,3.38,3.37,6.57,11.26,10.61,9.5,8.83,7.88,6.77,5.58,4.81,4.12,4.13,4.15,2710,3090,3440,3720,4160,4460,4750,4980,5260,5430,5760,54210,52370,49850,50580,49530,48740,49010,49550,50690,53020,55090,51727.0,49098.0,50602.0,51526.0,51775.0,56307.0,58875.0,60834.0,59135.0,64610.0,54434
38,PA,194189.89,186586.36,182966.63,174480.96,170260.41,171315.46,173318.15,174424.32,175179.24,178905.05,185889.69,191196.27,195071.63,187483.98,194441.45,191336.75,187884.12,191293.24,193500.93,196546.21,200839.39,207138.88,215265.83,226449.22,111440.0,121592.0,115964.0,112932.0,124276.0,141102.0,144283.0,161683.0,175617.0,185177.0,190111.0,155919.0,0.03,0.03,0.03,0.04,0.03,0.03,0.03,0.03,0.03,0.03,0.02,0.02,2.7,2.7,2.7,2.8,2.8,2.68,2.66,2.62,2.64,2.56,2.61,5.32,8.05,8.43,7.93,7.83,7.34,5.88,5.28,5.39,4.88,4.29,3.97,3200,3600,3950,4290,4600,4890,5140,5350,5660,5910,6210,38560,38110,37470,39030,39370,38540,39110,39340,40320,41450,42440,51402.0,48172.0,48314.0,49910.0,51904.0,53952.0,55173.0,60389.0,60979.0,63173.0,69165
39,RI,329324.44,297156.94,290077.37,277716.72,266938.62,272297.74,279519.63,282854.61,294556.29,308268.46,324422.46,331355.29,239850.0,194741.67,209702.08,198717.23,205624.03,213687.8,221651.39,226968.4,239153.48,266645.0,282185.56,289426.38,6932.0,9079.0,8983.0,9217.0,8664.0,9785.0,9691.0,10474.0,12273.0,15299.0,14724.0,12345.0,0.03,0.04,0.03,0.01,0.0,0.0,0.01,0.02,0.02,0.02,0.02,0.01,2.7,3.0,3.2,3.2,3.2,3.15,2.84,2.99,2.84,2.89,2.91,7.81,10.98,11.2,11.03,10.39,9.27,7.69,6.0,5.19,4.42,4.06,3.67,2870,3200,3750,3600,4060,4410,4650,4780,4940,4910,5390,51930,49930,48380,49430,48330,46770,45710,46950,47390,48850,49940,53241.0,51634.0,51623.0,49033.0,56065.0,57812.0,58633.0,55701.0,61528.0,66390.0,64524
40,SC,170175.36,160558.89,154761.0,146826.76,143731.29,146112.06,150634.7,155673.89,164018.42,171550.69,181361.05,189245.63,164828.25,156301.85,152028.79,146480.06,149688.56,143289.92,147909.44,162577.27,181128.54,183993.79,197886.88,205253.38,39611.0,40693.0,41371.0,41231.0,46162.0,56468.0,57487.0,66725.0,82226.0,97541.0,103140.0,90497.0,0.01,0.02,0.02,0.02,0.02,0.02,0.02,0.02,0.01,0.01,0.01,0.01,2.8,3.0,3.1,3.2,3.2,3.19,2.93,2.77,2.52,2.62,2.53,6.85,11.23,11.13,10.54,9.2,7.62,6.46,5.97,5.03,4.27,3.41,3.14,2430,2820,3210,3500,4020,4290,4620,4870,5240,5500,5870,40260,39020,38000,39310,39290,38060,38530,38870,40420,42220,43880,42155.0,41101.0,41698.0,40084.0,44401.0,43749.0,44929.0,46360.0,54336.0,54971.0,62266
41,SD,156898.71,151443.45,146933.07,146182.58,144129.31,147029.15,149280.72,150171.48,150817.42,155152.63,162397.02,168786.35,217641.06,203441.64,203004.05,193804.81,197087.05,179030.0,185233.33,193196.03,194346.06,212909.23,226201.04,232561.93,1809.0,2420.0,2306.0,2688.0,3453.0,5009.0,4449.0,3925.0,4611.0,5052.0,5122.0,4128.0,0.01,0.01,0.0,0.01,0.01,0.01,0.01,0.01,0.0,0.0,0.0,0.0,3.1,3.3,3.4,3.3,3.0,2.9,2.78,2.62,2.78,2.69,2.57,3.1,4.93,4.98,4.73,4.27,3.78,3.41,3.1,2.98,3.18,3.01,2.92,3250,3450,3740,3950,4290,4250,4340,4710,4890,5020,5170,36980,36860,35900,38180,38820,36970,37330,38470,39470,41130,41880,51600.0,45826.0,45352.0,47223.0,49415.0,54453.0,53053.0,55065.0,57450.0,56894.0,57444
42,TN,131593.6,127362.25,125065.35,121793.27,121162.54,124482.44,128973.5,133698.52,141377.94,150917.9,160939.6,168817.13,162826.72,155411.08,155520.63,149438.88,147743.81,152017.22,155335.51,164097.28,176431.76,191547.13,205826.61,218740.15,76857.0,83205.0,80369.0,74264.0,88083.0,99401.0,104367.0,114519.0,122745.0,126549.0,128383.0,115291.0,0.03,0.03,0.03,0.03,0.03,0.02,0.01,0.01,0.01,0.02,0.02,0.02,4.2,3.9,4.2,4.3,4.2,4.13,3.8,3.69,3.76,3.55,3.51,6.63,10.46,9.63,8.97,7.83,7.73,6.6,5.6,4.73,3.75,3.49,3.34,2190,2460,2820,3090,3480,3770,4050,4190,4520,4760,5050,37990,36900,35600,36480,36420,35600,36350,37020,37670,39880,40370,39702.0,40517.0,38591.0,42279.0,42995.0,42499.0,43716.0,47330.0,51344.0,55240.0,59463
43,TX,146905.4,143781.68,142257.74,138610.35,139634.05,147456.3,157606.83,167257.1,176284.34,185057.71,194356.24,202165.05,179423.02,176780.56,180525.52,176073.74,181336.5,192460.88,203136.56,215521.23,224985.36,238527.19,251423.04,262126.39,225537.0,246427.0,239748.0,241244.0,274931.0,323272.0,334297.0,362567.0,386087.0,402082.0,422704.0,329591.0,0.04,0.04,0.05,0.05,0.05,0.03,0.02,0.02,0.01,0.01,0.01,0.01,3.3,3.3,3.3,3.2,3.0,2.89,2.7,2.59,2.6,2.25,2.58,4.83,7.57,8.13,7.76,6.74,6.25,5.12,4.43,4.63,4.33,3.85,3.55,2350,2680,2990,3240,3610,3740,4000,4180,4460,4700,4970,36720,36070,35040,35960,36410,35550,36770,38400,39740,41650,43660,46490.0,47475.0,47266.0,49047.0,51926.0,53027.0,53875.0,56473.0,58146.0,59295.0,56060
44,UT,231791.72,211118.05,199029.82,187460.28,187268.98,206697.63,214883.21,222939.47,237622.02,254587.57,277010.55,295576.03,220922.95,209062.5,200543.64,184363.48,196259.7,215564.65,223770.28,235122.65,253629.56,276173.08,305162.99,328099.65,25815.0,29788.0,28368.0,30122.0,33907.0,38973.0,39112.0,43442.0,53032.0,57361.0,57883.0,46339.0,0.01,0.03,0.03,0.03,0.03,0.03,0.02,0.01,0.01,0.01,0.0,0.0,3.8,3.7,3.7,3.7,3.3,3.1,3.08,3.56,3.59,3.44,3.77,3.58,7.32,7.83,6.75,5.4,4.59,3.82,3.6,3.43,3.26,3.13,2.81,2210,2500,2730,3030,3390,3470,3620,3870,4100,4230,4350,56700,54230,51760,52380,51180,50330,51120,52150,53410,56920,59320,62537.0,58491.0,56701.0,55493.0,58341.0,62967.0,63383.0,66258.0,67481.0,71319.0,59785
45,VA,255999.79,240361.18,236692.84,230402.52,228276.31,233481.81,237326.45,239143.27,242362.59,249300.92,257042.35,266200.3,300374.02,284089.71,295145.82,289890.28,285197.39,306871.14,306084.83,305992.1,303736.65,310073.94,322153.86,334251.98,66961.0,79866.0,77769.0,76446.0,83695.0,94113.0,95523.0,110337.0,125153.0,129620.0,129447.0,116783.0,0.02,0.04,0.05,0.05,0.05,0.04,0.03,0.03,0.04,0.03,0.03,0.02,3.8,3.7,3.8,3.8,3.7,3.56,3.48,3.3,3.37,3.04,3.08,3.96,6.68,7.13,6.59,6.06,5.7,5.23,4.46,4.1,3.7,2.98,2.82,2690,3070,3410,3690,4030,4320,4680,4850,5230,5550,5820,66970,64830,62250,63160,62620,61470,62230,62520,62970,65050,65480,50706.0,52318.0,55928.0,51862.0,55582.0,54842.0,60708.0,59494.0,60837.0,63805.0,77067
46,VT,217501.13,212238.7,213421.97,216194.95,216710.58,216755.74,215585.72,217010.57,216684.69,219704.99,226766.66,231897.41,217641.06,203441.64,203004.05,193804.81,197087.05,206815.91,215208.32,225775.55,235863.92,248622.67,264107.47,275997.65,3317.0,3972.0,5735.0,6424.0,8063.0,8971.0,9057.0,9994.0,10557.0,10900.0,10927.0,7812.0,0.01,0.02,0.02,0.02,0.01,0.02,0.02,0.02,0.02,0.02,0.02,0.02,3.6,3.5,3.8,3.6,3.5,3.55,3.46,3.08,3.1,2.92,3.08,4.71,6.57,6.08,5.47,4.93,4.41,3.93,3.57,3.23,2.98,2.66,2.23,3780,3850,4070,4070,4400,4530,4850,5130,5250,5620,5480,41520,40910,40370,43360,43260,43000,43330,43520,44260,45120,45270,61985.0,60501.0,60367.0,62616.0,64632.0,67620.0,66155.0,61486.0,66451.0,71293.0,70066
47,WA,301549.57,274495.12,262043.95,241961.65,235502.21,252028.23,267069.01,286110.89,310317.6,339948.76,372878.54,384768.82,282413.48,279376.69,276374.1,252410.64,249188.82,270873.09,284307.16,305052.87,335174.45,379415.89,420331.21,439098.65,52533.0,60903.0,62114.0,65618.0,75297.0,92632.0,96592.0,113992.0,124839.0,130049.0,122416.0,106660.0,0.02,0.05,0.06,0.07,0.04,0.03,0.03,0.03,0.02,0.01,0.01,0.01,3.9,3.9,4.2,4.1,3.9,3.82,3.65,3.38,3.48,3.41,3.3,5.41,9.12,9.99,9.28,8.11,7.03,6.13,5.64,5.28,4.71,4.48,4.56,2300,2540,2820,3030,3380,3540,3710,3860,4030,4110,4270,65860,64030,61200,61270,60320,58050,58250,58370,59620,62560,65390,56631.0,60392.0,56163.0,56850.0,62187.0,60106.0,59068.0,67243.0,70310.0,75418.0,77151
48,WI,167285.19,162691.21,159014.69,152998.8,150166.31,154355.12,157832.08,161453.75,167181.79,176529.49,186793.08,195379.23,175676.4,158531.42,159815.47,157446.84,152364.82,154492.32,161295.02,168228.07,175044.04,185744.53,199949.2,209991.24,53637.0,59427.0,56267.0,55364.0,66583.0,76879.0,78129.0,83215.0,92762.0,98462.0,97374.0,83354.0,0.05,0.06,0.06,0.07,0.07,0.05,0.03,0.03,0.02,0.01,0.01,0.01,3.0,2.9,3.0,2.9,2.9,2.78,2.66,2.6,2.6,2.43,2.46,4.93,8.58,8.64,7.76,7.03,6.7,5.4,4.53,4.02,3.27,3.0,3.02,2530,2870,3240,3470,3860,4000,4230,4370,4580,4750,4850,39330,38420,36890,38070,37180,36930,37100,37680,38250,39120,40060,37994.0,40490.0,42777.0,41821.0,43553.0,40241.0,39552.0,42824.0,44354.0,45392.0,79726
49,WV,105932.95,102891.73,103329.65,98392.59,96010.12,95029.84,93818.41,88433.68,88496.26,88742.71,91196.16,93635.16,244500.0,195358.33,189866.67,168075.0,197383.33,164553.33,145977.5,147518.38,145403.33,151882.74,156077.94,165615.4,8848.0,10302.0,11224.0,10221.0,9735.0,11583.0,10536.0,9112.0,10672.0,12967.0,13575.0,10075.0,0.0,0.01,0.01,0.02,0.01,0.01,0.01,0.0,0.0,0.0,0.01,0.01,4.8,5.1,5.1,5.2,4.7,4.59,4.2,3.98,3.76,3.48,3.25,4.37,7.71,8.63,8.06,7.49,6.79,6.63,6.74,6.08,5.19,5.23,4.87,2320,2580,2840,2990,3290,3490,3780,3800,3920,4070,4020,24750,23920,24160,25740,26490,26040,26770,27520,28040,28790,29430,51200.0,51237.0,50351.0,52058.0,53079.0,55258.0,58080.0,55425.0,59817.0,63451.0,50573
50,WY,199333.11,197224.55,205000.47,210557.32,219904.96,224617.72,229528.93,236976.38,243227.08,243749.28,251509.89,261648.46,177682.5,182788.33,172811.67,167108.33,180951.39,187134.72,200951.39,203044.44,202067.86,203350.52,205039.58,217065.23,4642.0,4886.0,4799.0,5195.0,5814.0,6228.0,6208.0,6315.0,6076.0,7230.0,8283.0,6939.0,0.01,0.01,0.03,0.03,0.03,0.02,0.01,0.01,0.01,0.01,0.02,0.03,4.9,5.1,5.1,4.8,4.4,4.26,4.6,4.15,4.2,3.96,3.75,3.07,6.33,6.45,5.79,5.31,4.72,4.13,4.33,5.33,4.18,4.08,3.71,2090,2270,2480,2770,3090,3160,3290,3290,3300,3270,3610,42580,42320,41180,41670,41940,41220,42150,44510,44380,46180,46410,53337.0,52470.0,52201.0,54509.0,57512.0,55700.0,55690.0,60925.0,57829.0,57837.0,62629
